municipi,municipi_codi,vots_erc,vots_psc,vots_jxcat,vots_ecp,vots_cs,vots_pp,vots_fr,vots_vox,vots_pacma,vots_valids,ptg_erc,ptg_psc,ptg_jxcat,ptg_ecp,ptg_cs,ptg_pp,ptg_fr,ptg_vox,ptg_pacma,particip
Maials,25133,214,52,175,24,29,14,10,3,3,527,40.61,9.87,33.21,4.55,5.5,2.66,1.9,0.57,0.57,76.97
Maspujols,43081,209,67,110,62,21,7,16,22,10,531,39.36,12.62,20.72,11.68,3.95,1.32,3.01,4.14,1.88,84.04
Granollers,8096,8011,8756,4089,4694,4070,1490,758,1121,537,33871,23.65,25.85,12.07,13.86,12.02,4.4,2.24,3.31,1.59,78.22
La Riba,43124,145,60,85,26,25,13,5,6,3,373,38.87,16.09,22.79,6.97,6.7,3.49,1.34,1.61,0.8,80.3
Torrebesses,25226,94,22,35,7,10,1,7,1,1,183,51.37,12.02,19.13,3.83,5.46,0.55,3.83,0.55,0.55,76.03
Fondarella,25093,174,59,146,30,34,16,7,12,3,487,35.73,12.11,29.98,6.16,6.98,3.29,1.44,2.46,0.62,77.74
La Llagosta,8105,838,2883,188,1433,1150,414,39,307,175,7505,11.17,38.41,2.5,19.09,15.32,5.52,0.52,4.09,2.33,77.71
La Nou de Gaià,43097,121,62,79,32,11,10,17,5,2,341,35.48,18.18,23.17,9.38,3.23,2.93,4.99,1.47,0.59,85.46
Sant Mori,17176,39,21,17,9,14,2,2,2,2,110,35.45,19.09,15.45,8.18,12.73,1.82,1.82,1.82,1.82,89.43
Siurana,17052,44,5,30,9,4,3,4,1,3,104,42.31,4.81,28.85,8.65,3.85,2.88,3.85,0.96,2.88,77.61
Bordils,17025,337,95,305,66,42,23,71,12,5,967,34.85,9.82,31.54,6.83,4.34,2.38,7.34,1.24,0.52,83.08
Alòs de Balaguer,25022,44,3,30,4,3,2,1,0,1,88,50,3.41,34.09,4.55,3.41,2.27,1.14,0,1.14,82.24
Badalona,8015,20654,33881,6576,21971,15578,7586,2222,4839,2424,117237,17.62,28.9,5.61,18.74,13.29,6.47,1.9,4.13,2.07,75.51
Badia del Vallès,8904,616,2907,85,1772,1146,376,66,456,196,7697,8,37.77,1.1,23.02,14.89,4.89,0.86,5.92,2.55,73.55
Balaguer,25040,2613,1521,1422,623,646,394,207,163,70,7734,33.79,19.67,18.39,8.06,8.35,5.09,2.68,2.11,0.91,73.4
Bell-lloc d'Urgell,25048,475,196,309,85,81,40,35,22,11,1264,37.58,15.51,24.45,6.72,6.41,3.16,2.77,1.74,0.87,78.06
Blancafort,43029,134,21,50,27,7,2,8,0,3,252,53.17,8.33,19.84,10.71,2.78,0.79,3.17,0,1.19,80.57
Calella,8035,2798,1792,1564,1129,931,437,359,288,175,9538,29.34,18.79,16.4,11.84,9.76,4.58,3.76,3.02,1.83,74.38
Bossòst,25059,67,201,43,64,102,67,1,56,7,612,10.95,32.84,7.03,10.46,16.67,10.95,0.16,9.15,1.14,76.38
Cabanelles,17031,55,7,32,7,7,5,12,2,2,129,42.64,5.43,24.81,5.43,5.43,3.88,9.3,1.55,1.55,71.43
L'Estany,8079,130,30,72,15,9,1,23,2,0,282,46.1,10.64,25.53,5.32,3.19,0.35,8.16,0.71,0,85.03
Vilablareix,17215,777,287,388,147,144,42,61,38,26,1925,40.36,14.91,20.16,7.64,7.48,2.18,3.17,1.97,1.35,86.93
Canyelles,8043,537,617,238,474,352,113,47,127,34,2569,20.9,24.02,9.26,18.45,13.7,4.4,1.83,4.94,1.32,76.35
Cava,25071,19,0,9,1,0,1,1,0,0,31,61.29,0,29.03,3.23,0,3.23,3.23,0,0,76.19
Castelldans,25067,174,69,132,33,45,35,19,16,4,532,32.71,12.97,24.81,6.2,8.46,6.58,3.57,3.01,0.75,76.06
El Palau d'Anglesola,25158,510,139,367,78,69,30,43,23,11,1277,39.94,10.88,28.74,6.11,5.4,2.35,3.37,1.8,0.86,80.39
Ciutadilla,25074,67,19,33,8,9,6,8,2,0,155,43.23,12.26,21.29,5.16,5.81,3.87,5.16,1.29,0,87.22
Corbera de Llobregat,8072,2581,1507,789,1281,987,330,188,310,154,8193,31.5,18.39,9.63,15.64,12.05,4.03,2.29,3.78,1.88,76.89
Cubelles,8074,1738,2080,530,1494,1239,406,138,382,167,8235,21.11,25.26,6.44,18.14,15.05,4.93,1.68,4.64,2.03,74.84
Duesaigües,43053,58,24,32,14,3,5,7,5,0,149,38.93,16.11,21.48,9.4,2.01,3.36,4.7,3.36,0,81.38
El Milà,43083,36,10,29,7,11,12,1,4,1,113,31.86,8.85,25.66,6.19,9.73,10.62,0.88,3.54,0.88,80.56
Fortià,17074,166,57,71,36,43,19,16,11,5,426,38.97,13.38,16.67,8.45,10.09,4.46,3.76,2.58,1.17,81.95
Girona,17079,13274,8742,12097,4965,4712,1863,2478,1459,654,50629,26.22,17.27,23.89,9.81,9.31,3.68,4.89,2.88,1.29,77.8
Hostalric,17083,687,466,418,351,172,61,52,46,28,2300,29.87,20.26,18.17,15.26,7.48,2.65,2.26,2,1.22,78.39
Les Cabanyes,8027,189,100,123,57,31,25,30,24,2,588,32.14,17.01,20.92,9.69,5.27,4.25,5.1,4.08,0.34,82.22
L'Ametlla del Vallès,8005,1687,682,1036,574,501,187,187,166,89,5137,32.84,13.28,20.17,11.17,9.75,3.64,3.64,3.23,1.73,80.77
La Masó,43080,65,19,60,13,20,6,7,3,1,195,33.33,9.74,30.77,6.67,10.26,3.08,3.59,1.54,0.51,85.9
L'Arboç,43016,526,758,298,428,327,88,45,76,44,2608,20.17,29.06,11.43,16.41,12.54,3.37,1.73,2.91,1.69,76.28
La Seu d'Urgell,25203,1920,1252,1119,627,565,322,140,173,70,6231,30.81,20.09,17.96,10.06,9.07,5.17,2.25,2.78,1.12,71.37
Les Piles,43105,58,7,28,8,2,4,19,1,2,132,43.94,5.3,21.21,6.06,1.52,3.03,14.39,0.76,1.52,84.62
Malla,8111,46,11,102,9,4,6,15,2,0,199,23.12,5.53,51.26,4.52,2.01,3.02,7.54,1.01,0,93.02
Molins de Rei,8123,4725,3721,1787,2626,1576,436,503,433,223,16135,29.28,23.06,11.08,16.28,9.77,2.7,3.12,2.68,1.38,83.09
Montesquiu,8131,256,67,134,34,13,11,44,11,7,585,43.76,11.45,22.91,5.81,2.22,1.88,7.52,1.88,1.2,78.95
Planoles,17134,81,11,49,17,3,1,19,0,5,189,42.86,5.82,25.93,8.99,1.59,0.53,10.05,0,2.65,84.75
Torredembarra,43153,2136,1859,812,1143,1157,410,185,381,142,8291,25.76,22.42,9.79,13.79,13.95,4.95,2.23,4.6,1.71,75.07
Pontós,17136,47,12,38,27,8,5,11,3,3,155,30.32,7.74,24.52,17.42,5.16,3.23,7.1,1.94,1.94,80
Rupià,17153,58,10,48,19,4,1,20,1,1,162,35.8,6.17,29.63,11.73,2.47,0.62,12.35,0.62,0.62,86.17
Premià de Dalt,8230,1563,1198,887,787,855,297,181,262,92,6168,25.34,19.42,14.38,12.76,13.86,4.82,2.93,4.25,1.49,80.9
Riudecanyes,43127,260,59,143,54,39,15,29,10,13,626,41.53,9.42,22.84,8.63,6.23,2.4,4.63,1.6,2.08,82.89
Rosselló,25189,557,256,320,184,119,54,36,25,18,1583,35.19,16.17,20.21,11.62,7.52,3.41,2.27,1.58,1.14,73.52
Sagàs,8188,41,5,33,1,3,3,8,1,0,95,43.16,5.26,34.74,1.05,3.16,3.16,8.42,1.05,0,82.61
Sant Andreu de la Barca,8196,2148,5243,450,2940,2297,701,150,889,297,15263,14.07,34.35,2.95,19.26,15.05,4.59,0.98,5.82,1.95,79
Sant Antoni de Vilamajor,8198,1291,516,621,427,318,107,192,130,56,3691,34.98,13.98,16.82,11.57,8.62,2.9,5.2,3.52,1.52,80.02
Sant Joan Despí,8217,3630,6632,1189,3947,2899,992,264,770,339,20855,17.41,31.8,5.7,18.93,13.9,4.76,1.27,3.69,1.63,82.57
Sant Jordi Desvalls,17166,194,18,160,24,8,5,26,16,4,459,42.27,3.92,34.86,5.23,1.74,1.09,5.66,3.49,0.87,84.1
Sant Martí de Llémena,17172,121,36,114,31,9,1,22,6,7,349,34.67,10.32,32.66,8.88,2.58,0.29,6.3,1.72,2.01,77.02
Sant Miquel de Fluvià,17175,105,97,34,28,51,10,10,37,5,381,27.56,25.46,8.92,7.35,13.39,2.62,2.62,9.71,1.31,67.55
Serra de Daró,17191,44,10,58,8,3,0,18,1,0,144,30.56,6.94,40.28,5.56,2.08,0,12.5,0.69,0,87.35
Sunyer,25212,69,20,58,11,13,11,8,1,1,195,35.38,10.26,29.74,5.64,6.67,5.64,4.1,0.51,0.51,87.05
Tarroja de Segarra,25219,44,4,20,16,11,5,17,0,0,118,37.29,3.39,16.95,13.56,9.32,4.24,14.41,0,0,79.19
Tírvia,25221,43,8,20,7,3,4,6,0,1,92,46.74,8.7,21.74,7.61,3.26,4.35,6.52,0,1.09,78.63
Tivenys,43149,164,174,78,24,42,18,8,20,1,533,30.77,32.65,14.63,4.5,7.88,3.38,1.5,3.75,0.19,77.92
Vallfogona de Ripollès,17170,81,9,41,2,2,1,8,0,0,147,55.1,6.12,27.89,1.36,1.36,0.68,5.44,0,0,81.67
Vallclara,43158,22,4,28,1,0,2,2,0,1,61,36.07,6.56,45.9,1.64,0,3.28,3.28,0,1.64,79.22
Viladecans,8301,4790,13135,1193,7877,6428,1786,301,1819,773,38574,12.42,34.05,3.09,20.42,16.66,4.63,0.78,4.72,2,78.86
Vila-rodona,43170,282,121,146,61,32,18,22,11,3,704,40.06,17.19,20.74,8.66,4.55,2.56,3.13,1.56,0.43,80.41
Vilafant,17221,907,627,474,292,479,176,78,140,49,3247,27.93,19.31,14.6,8.99,14.75,5.42,2.4,4.31,1.51,78.52
Castell-Platja d'Aro,17048,1040,949,897,450,620,215,71,170,88,4537,22.92,20.92,19.77,9.92,13.67,4.74,1.56,3.75,1.94,73.03
El Pont de Suert,25173,293,364,159,185,119,55,38,29,15,1262,23.22,28.84,12.6,14.66,9.43,4.36,3.01,2.3,1.19,77.5
La Canonja,43907,341,1192,184,507,610,178,25,190,71,3346,10.19,35.62,5.5,15.15,18.23,5.32,0.75,5.68,2.12,77.31
La Riera de Gaià,43126,353,154,167,110,84,36,36,35,12,999,35.34,15.42,16.72,11.01,8.41,3.6,3.6,3.5,1.2,82.99
El Rourell,43134,61,41,43,24,19,3,7,13,5,223,27.35,18.39,19.28,10.76,8.52,1.35,3.14,5.83,2.24,82.05
Miralcamp,25135,290,91,244,41,34,32,14,13,7,769,37.71,11.83,31.73,5.33,4.42,4.16,1.82,1.69,0.91,77.3
Prullans,25179,61,8,43,8,4,0,5,2,1,134,45.52,5.97,32.09,5.97,2.99,0,3.73,1.49,0.75,78.36
Sant Andreu Salou,17157,32,10,39,13,4,1,6,1,1,107,29.91,9.35,36.45,12.15,3.74,0.93,5.61,0.93,0.93,86.29
Vallcebre,8293,104,14,46,8,6,1,5,1,1,187,55.61,7.49,24.6,4.28,3.21,0.53,2.67,0.53,0.53,82.02
Rabós,17143,43,10,32,13,2,3,9,0,2,115,37.39,8.7,27.83,11.3,1.74,2.61,7.83,0,1.74,79.86
Colldejou,43045,63,9,36,8,2,3,6,0,0,127,49.61,7.09,28.35,6.3,1.57,2.36,4.72,0,0,87.67
Caldes d'Estrac,8032,493,294,278,202,128,55,63,35,35,1598,30.85,18.4,17.4,12.64,8.01,3.44,3.94,2.19,2.19,77
Sant Vicenç de Torelló,8265,592,130,349,70,38,12,105,18,12,1334,44.38,9.75,26.16,5.25,2.85,0.9,7.87,1.35,0.9,84.21
Aiguafreda,8014,673,211,324,158,103,45,59,28,29,1640,41.04,12.87,19.76,9.63,6.28,2.74,3.6,1.71,1.77,82.55
Algerri,25015,107,19,65,18,18,9,8,2,4,260,41.15,7.31,25,6.92,6.92,3.46,3.08,0.77,1.54,78.21
Benissanet,43026,302,54,129,29,28,20,33,11,4,613,49.27,8.81,21.04,4.73,4.57,3.26,5.38,1.79,0.65,80.26
Avià,8011,704,100,357,73,27,18,100,11,6,1407,50.04,7.11,25.37,5.19,1.92,1.28,7.11,0.78,0.43,81.03
Balsareny,8018,613,415,354,217,175,48,68,56,21,1984,30.9,20.92,17.84,10.94,8.82,2.42,3.43,2.82,1.06,78.32
Banyeres del Penedès,43020,395,444,198,297,260,72,23,82,31,1819,21.72,24.41,10.89,16.33,14.29,3.96,1.26,4.51,1.7,80.45
Bot,43032,131,76,96,31,15,12,4,13,0,379,34.56,20.05,25.33,8.18,3.96,3.17,1.06,3.43,0,81.33
Els Garidells,43066,55,20,18,13,8,2,2,1,1,121,45.45,16.53,14.88,10.74,6.61,1.65,1.65,0.83,0.83,78.06
Les Oluges,25152,39,8,40,3,8,3,1,2,1,106,36.79,7.55,37.74,2.83,7.55,2.83,0.94,1.89,0.94,73.61
Bellvís,25052,622,136,301,70,45,34,34,12,4,1264,49.21,10.76,23.81,5.54,3.56,2.69,2.69,0.95,0.32,81.5
Camós,17035,176,29,172,20,19,9,26,5,1,460,38.26,6.3,37.39,4.35,4.13,1.96,5.65,1.09,0.22,83.64
Brunyola,17028,84,8,101,10,8,6,15,2,1,237,35.44,3.38,42.62,4.22,3.38,2.53,6.33,0.84,0.42,80.13
Caldes de Malavella,17033,1114,662,820,582,382,139,153,170,80,4130,26.97,16.03,19.85,14.09,9.25,3.37,3.7,4.12,1.94,74.4
Cabrils,8030,1478,584,854,453,431,146,148,112,73,4306,34.32,13.56,19.83,10.52,10.01,3.39,3.44,2.6,1.7,82.91
Cervià de les Garrigues,25073,208,37,101,25,15,9,9,5,4,418,49.76,8.85,24.16,5.98,3.59,2.15,2.15,1.2,0.96,76.92
Sant Quirze de Besora,8237,528,157,392,61,42,24,84,14,15,1327,39.79,11.83,29.54,4.6,3.17,1.81,6.33,1.06,1.13,80.26
Coll de Nargó,25077,132,44,82,20,20,6,18,3,3,330,40,13.33,24.85,6.06,6.06,1.82,5.45,0.91,0.91,75.23
El Catllar,43043,674,559,253,388,350,113,77,136,37,2613,25.79,21.39,9.68,14.85,13.39,4.32,2.95,5.2,1.42,79.78
Fogars de Montclús,8081,103,10,107,27,8,3,21,4,11,297,34.68,3.37,36.03,9.09,2.69,1.01,7.07,1.35,3.7,84.7
Ger,17078,95,12,96,6,13,8,12,2,2,251,37.85,4.78,38.25,2.39,5.18,3.19,4.78,0.8,0.8,75
La Bisbal de Falset,43027,50,11,60,3,0,5,3,4,1,137,36.5,8.03,43.8,2.19,0,3.65,2.19,2.92,0.73,83.54
La Febró,43057,12,3,10,3,1,0,1,0,0,31,38.71,9.68,32.26,9.68,3.23,0,3.23,0,0,81.58
Nalec,25145,22,5,26,2,2,1,7,0,0,66,33.33,7.58,39.39,3.03,3.03,1.52,10.61,0,0,86.84
L'Aldea,43904,743,415,279,255,155,83,22,65,11,2058,36.1,20.17,13.56,12.39,7.53,4.03,1.07,3.16,0.53,72.81
L'Albiol,43003,70,43,37,52,26,7,10,12,4,264,26.52,16.29,14.02,19.7,9.85,2.65,3.79,4.55,1.52,76
La Pobla de Claramunt,8165,416,282,219,148,84,40,47,38,21,1311,31.73,21.51,16.7,11.29,6.41,3.05,3.59,2.9,1.6,79.03
La Vajol,,21,7,11,2,4,1,2,2,0,50,42,14,22,4,8,2,4,4,0,80.95
La Sentiu de Sió,25035,113,32,82,23,23,9,3,9,2,302,37.42,10.6,27.15,7.62,7.62,2.98,0.99,2.98,0.66,83.61
La Torre de l'Espanyol,43152,156,65,94,17,5,4,4,8,2,356,43.82,18.26,26.4,4.78,1.4,1.12,1.12,2.25,0.56,82.26
Les Preses,17139,406,138,408,78,45,9,45,12,8,1154,35.18,11.96,35.36,6.76,3.9,0.78,3.9,1.04,0.69,83.43
Fornells de la Selva,17073,548,159,602,96,118,43,86,18,14,1693,32.37,9.39,35.56,5.67,6.97,2.54,5.08,1.06,0.83,87.42
Les Planes d'Hostoles,17133,290,80,498,49,31,15,46,8,15,1043,27.8,7.67,47.75,4.7,2.97,1.44,4.41,0.77,1.44,82.33
Llobera,25129,54,6,36,3,4,3,5,1,1,115,46.96,5.22,31.3,2.61,3.48,2.61,4.35,0.87,0.87,72.33
Mollet del Vallès,8124,5231,9210,1523,5696,3736,1282,399,1009,538,28915,18.09,31.85,5.27,19.7,12.92,4.43,1.38,3.49,1.86,78.28
Solivella,43147,191,41,126,20,5,28,21,4,2,442,43.21,9.28,28.51,4.52,1.13,6.33,4.75,0.9,0.45,85.6
Montmaneu,8133,33,8,36,4,4,5,2,1,0,98,33.67,8.16,36.73,4.08,4.08,5.1,2.04,1.02,0,76.56
Mont-ral,43091,36,7,7,29,2,2,6,1,2,93,38.71,7.53,7.53,31.18,2.15,2.15,6.45,1.08,2.15,75.61
Sant Jaume de Frontanyà,8216,11,3,3,2,0,0,0,0,0,19,57.89,15.79,15.79,10.53,0,0,0,0,0,76
Vilanova del Vallès,8902,830,570,479,508,364,110,95,120,58,3164,26.23,18.02,15.14,16.06,11.5,3.48,3,3.79,1.83,80.67
Odèn,25148,78,5,62,2,13,3,3,1,0,168,46.43,2.98,36.9,1.19,7.74,1.79,1.79,0.6,0,76.71
Olost,8149,316,65,223,32,35,14,63,7,8,768,41.15,8.46,29.04,4.17,4.56,1.82,8.2,0.91,1.04,78.25
Olot,17114,5726,2871,4880,1319,1032,421,612,273,170,17474,32.77,16.43,27.93,7.55,5.91,2.41,3.5,1.56,0.97,75.46
Vilobí del Penedès,8304,316,84,147,41,30,12,30,12,4,678,46.61,12.39,21.68,6.05,4.42,1.77,4.42,1.77,0.59,84.07
Pau,17128,98,26,58,18,26,3,15,2,5,252,38.89,10.32,23.02,7.14,10.32,1.19,5.95,0.79,1.98,80.7
Quart,17142,709,351,504,196,200,84,82,69,28,2241,31.64,15.66,22.49,8.75,8.92,3.75,3.66,3.08,1.25,84.18
Móra la Nova,43094,699,284,291,116,91,61,41,37,13,1646,42.47,17.25,17.68,7.05,5.53,3.71,2.49,2.25,0.79,78.25
Rubió,8185,59,14,35,20,14,6,7,9,5,171,34.5,8.19,20.47,11.7,8.19,3.51,4.09,5.26,2.92,87.31
Salàs de Pallars,25190,95,43,32,21,5,1,14,1,2,215,44.19,20,14.88,9.77,2.33,0.47,6.51,0.47,0.93,83.66
Sant Quintí de Mediona,8236,529,163,197,104,57,53,51,26,18,1202,44.01,13.56,16.39,8.65,4.74,4.41,4.24,2.16,1.5,77.33
Santa Fe del Penedès,8249,101,23,72,20,11,7,9,2,1,248,40.73,9.27,29.03,8.06,4.44,2.82,3.63,0.81,0.4,91.18
Santa Perpètua de Mogoda,8260,2571,4030,732,2976,2191,607,180,688,290,14406,17.85,27.97,5.08,20.66,15.21,4.21,1.25,4.78,2.01,78.65
Santa Oliva,43140,343,471,121,293,357,79,22,91,39,1837,18.67,25.64,6.59,15.95,19.43,4.3,1.2,4.95,2.12,75.76
Sant Celoni,8202,2967,2060,1869,1152,775,304,480,213,125,10025,29.6,20.55,18.64,11.49,7.73,3.03,4.79,2.12,1.25,78.44
Sant Joan de Vilatorrada,8218,1659,1549,837,885,748,227,149,199,83,6389,25.97,24.24,13.1,13.85,11.71,3.55,2.33,3.11,1.3,79.21
Sant Pau de Segúries,17177,174,46,155,33,17,8,5,10,3,457,38.07,10.07,33.92,7.22,3.72,1.75,1.09,2.19,0.66,80.95
Sant Pere de Vilamajor,8234,945,388,326,414,253,121,126,66,63,2734,34.56,14.19,11.92,15.14,9.25,4.43,4.61,2.41,2.3,81.29
Vallirana,8295,1824,2185,613,1551,1195,387,116,420,164,8524,21.4,25.63,7.19,18.2,14.02,4.54,1.36,4.93,1.92,76.55
Tagamanent,8276,68,13,40,26,6,2,12,8,5,180,37.78,7.22,22.22,14.44,3.33,1.11,6.67,4.44,2.78,77.25
Talavera,25216,87,12,52,7,17,8,10,1,3,199,43.72,6.03,26.13,3.52,8.54,4.02,5.03,0.5,1.51,82.57
Torrelameu,25231,189,31,102,33,13,24,6,4,4,408,46.32,7.6,25,8.09,3.19,5.88,1.47,0.98,0.98,83
Verdú,25242,174,65,156,39,26,26,33,8,3,531,32.77,12.24,29.38,7.34,4.9,4.9,6.21,1.51,0.56,78.23
Vilabella,43165,216,61,126,33,17,8,19,8,1,492,43.9,12.4,25.61,6.71,3.46,1.63,3.86,1.63,0.2,86.01
Vilanova de Meià,25250,123,36,66,4,4,11,6,6,1,258,47.67,13.95,25.58,1.55,1.55,4.26,2.33,2.33,0.39,79.09
Vilanova d'Escornalbou,43167,148,34,69,32,9,14,10,11,4,333,44.44,10.21,20.72,9.61,2.7,4.2,3,3.3,1.2,86.98
La Morera de Montsant,43096,37,8,19,11,4,1,1,0,1,82,45.12,9.76,23.17,13.41,4.88,1.22,1.22,0,1.22,83.67
Corbins,25078,391,79,173,54,31,27,22,13,6,805,48.57,9.81,21.49,6.71,3.85,3.35,2.73,1.61,0.75,80.62
Llívia,17094,291,82,210,59,55,26,20,12,8,766,37.99,10.7,27.42,7.7,7.18,3.39,2.61,1.57,1.04,72.28
Ivars de Noguera,25112,72,22,64,12,16,9,8,5,0,212,33.96,10.38,30.19,5.66,7.55,4.25,3.77,2.36,0,79.85
Montornès del Vallès,8136,1272,2695,385,1980,1397,518,106,433,167,9079,14.01,29.68,4.24,21.81,15.39,5.71,1.17,4.77,1.84,78.86
Navarcles,8140,1166,776,697,420,251,126,128,92,51,3737,31.2,20.77,18.65,11.24,6.72,3.37,3.43,2.46,1.36,78.61
Nulles,43098,93,18,92,32,14,12,8,15,4,291,31.96,6.19,31.62,11,4.81,4.12,2.75,5.15,1.37,82.2
Alcoletge,25012,542,306,266,218,195,69,54,43,27,1739,31.17,17.6,15.3,12.54,11.21,3.97,3.11,2.47,1.55,74.64
Palau-saverdera,17120,202,67,149,47,59,25,16,16,14,598,33.78,11.2,24.92,7.86,9.87,4.18,2.68,2.68,2.34,73.66
Polinyà,8167,786,1460,188,1089,693,173,32,231,107,4822,16.3,30.28,3.9,22.58,14.37,3.59,0.66,4.79,2.22,79.91
Sant Cugat Sesgarrigues,8206,244,95,139,58,29,6,30,15,4,624,39.1,15.22,22.28,9.29,4.65,0.96,4.81,2.4,0.64,84.8
Sant Iscle de Vallalta,8193,335,86,117,99,53,41,26,14,11,790,42.41,10.89,14.81,12.53,6.71,5.19,3.29,1.77,1.39,80.49
Sora,8272,59,6,39,4,1,3,19,0,0,133,44.36,4.51,29.32,3.01,0.75,2.26,14.29,0,0,80.61
Malgrat de Mar,8110,2588,2540,1110,1413,1082,422,274,356,178,10055,25.74,25.26,11.04,14.05,10.76,4.2,2.73,3.54,1.77,74.38
Biure,17234,52,20,15,13,20,3,11,6,4,146,35.62,13.7,10.27,8.9,13.7,2.05,7.53,4.11,2.74,82.12
Martorelles,8115,726,710,262,586,360,107,46,92,61,2975,24.4,23.87,8.81,19.7,12.1,3.6,1.55,3.09,2.05,78.27
Sant Joan de Mollet,17168,138,17,99,17,20,4,25,3,5,329,41.95,5.17,30.09,5.17,6.08,1.22,7.6,0.91,1.52,87.6
Súria,8274,985,1067,448,472,347,119,118,81,40,3698,26.64,28.85,12.11,12.76,9.38,3.22,3.19,2.19,1.08,79.36
Alcanó,25010,78,9,42,9,4,0,6,0,5,155,50.32,5.81,27.1,5.81,2.58,0,3.87,0,3.23,79.59
Alfarràs,25013,427,392,218,124,151,98,19,92,16,1557,27.42,25.18,14,7.96,9.7,6.29,1.22,5.91,1.03,74.48
Almoster,43011,353,97,196,70,54,47,49,29,10,909,38.83,10.67,21.56,7.7,5.94,5.17,5.39,3.19,1.1,84.52
Arbolí,43015,51,1,24,18,0,0,5,1,1,101,50.5,0.99,23.76,17.82,0,0,4.95,0.99,0.99,84.87
Arres,25031,4,4,2,1,18,6,0,3,0,39,10.26,10.26,5.13,2.56,46.15,15.38,0,7.69,0,68.42
Aspa,25036,43,36,20,11,19,8,3,2,0,143,30.07,25.17,13.99,7.69,13.29,5.59,2.1,1.4,0,78.26
Cassà de la Selva,17044,1892,771,1552,445,288,121,222,91,67,5493,34.44,14.04,28.25,8.1,5.24,2.2,4.04,1.66,1.22,79.57
Bausen,25045,6,4,2,4,3,6,0,0,0,31,19.35,12.9,6.45,12.9,9.68,19.35,0,0,0,57.41
Calaf,8031,652,332,406,157,115,75,72,39,18,1882,34.64,17.64,21.57,8.34,6.11,3.99,3.83,2.07,0.96,80.74
Bellcaire d'Empordà,17018,163,45,106,35,14,8,27,1,1,402,40.55,11.19,26.37,8.71,3.48,1.99,6.72,0.25,0.25,81.98
Cabrera de Mar,8029,990,460,617,281,288,118,113,78,53,3019,32.79,15.24,20.44,9.31,9.54,3.91,3.74,2.58,1.76,85.03
Cabacés,43035,77,36,46,12,8,6,7,2,2,203,37.93,17.73,22.66,5.91,3.94,2.96,3.45,0.99,0.99,87.23
Riumors,17151,64,12,32,9,7,10,9,4,2,150,42.67,8,21.33,6,4.67,6.67,6,2.67,1.33,81.08
El Pla del Penedès,8164,303,87,169,80,39,15,49,17,12,776,39.05,11.21,21.78,10.31,5.03,1.93,6.31,2.19,1.55,83.94
Cabrera d'Anoia,8028,183,192,45,141,96,42,10,47,17,780,23.46,24.62,5.77,18.08,12.31,5.38,1.28,6.03,2.18,71.97
Camarles,43903,807,267,233,154,117,60,15,29,6,1700,47.47,15.71,13.71,9.06,6.88,3.53,0.88,1.71,0.35,73.6
El Prat de Llobregat,8169,5213,12495,1392,8436,4924,1894,449,1432,683,37346,13.96,33.46,3.73,22.59,13.18,5.07,1.2,3.83,1.83,77.76
Castellar del Vallès,8051,4208,3216,1699,2369,1591,509,429,473,272,14887,28.27,21.6,11.41,15.91,10.69,3.42,2.88,3.18,1.83,81.09
Castellgalí,8061,309,279,154,194,129,52,18,66,20,1233,25.06,22.63,12.49,15.73,10.46,4.22,1.46,5.35,1.62,77.74
Fulleda,25097,46,3,10,3,5,4,0,0,0,72,63.89,4.17,13.89,4.17,6.94,5.56,0,0,0,85.71
El Vendrell,43163,3927,4901,1606,2837,2748,995,225,987,365,18796,20.89,26.07,8.54,15.09,14.62,5.29,1.2,5.25,1.94,72.82
Torrelles de Llobregat,8289,1373,565,398,540,296,94,138,88,69,3594,38.2,15.72,11.07,15.03,8.24,2.62,3.84,2.45,1.92,80.88
Estaràs,25085,31,8,33,3,14,5,10,10,1,117,26.5,6.84,28.21,2.56,11.97,4.27,8.55,8.55,0.85,83.69
Montoliu de Lleida,25142,129,30,74,23,12,9,9,9,2,299,43.14,10.03,24.75,7.69,4.01,3.01,3.01,3.01,0.67,82.19
Gratallops,43069,51,24,28,19,7,7,6,2,1,146,34.93,16.44,19.18,13.01,4.79,4.79,4.11,1.37,0.68,82.02
Orís,8150,97,8,69,15,11,1,6,4,0,211,45.97,3.79,32.7,7.11,5.21,0.47,2.84,1.9,0,84.06
Gualta,17081,70,18,68,9,14,4,6,1,0,190,36.84,9.47,35.79,4.74,7.37,2.11,3.16,0.53,0,77.42
Guimerà,25109,53,7,83,8,6,8,5,0,2,176,30.11,3.98,47.16,4.55,3.41,4.55,2.84,0,1.14,83.64
Isòvol,17084,74,20,53,11,5,5,8,3,0,180,41.11,11.11,29.44,6.11,2.78,2.78,4.44,1.67,0,78.35
Jafre,17085,113,10,61,17,6,5,23,1,8,246,45.93,4.07,24.8,6.91,2.44,2.03,9.35,0.41,3.25,85.22
Montgat,8126,1902,1523,565,1401,895,262,172,202,121,7098,26.8,21.46,7.96,19.74,12.61,3.69,2.42,2.85,1.7,80.37
Juncosa,25118,86,27,72,10,19,11,8,2,1,239,35.98,11.3,30.13,4.18,7.95,4.6,3.35,0.84,0.42,73.7
L'Aleixar,43007,192,56,122,52,52,12,8,7,7,509,37.72,11,23.97,10.22,10.22,2.36,1.57,1.38,1.38,79.69
La Portella,25174,122,49,94,14,25,9,6,3,2,324,37.65,15.12,29.01,4.32,7.72,2.78,1.85,0.93,0.62,83.08
Palafolls,8155,1302,1240,483,1020,645,168,104,239,124,5390,24.16,23.01,8.96,18.92,11.97,3.12,1.93,4.43,2.3,77.97
L'Escala,17062,1255,712,950,418,418,138,188,142,73,4334,28.96,16.43,21.92,9.64,9.64,3.18,4.34,3.28,1.68,72.9
Llorenç del Penedès,43074,504,235,276,167,108,32,31,31,20,1412,35.69,16.64,19.55,11.83,7.65,2.27,2.2,2.2,1.42,78.31
Linyola,25122,667,161,364,79,88,51,39,15,7,1497,44.56,10.75,24.32,5.28,5.88,3.41,2.61,1,0.47,78.14
Llambilles,17090,165,41,182,19,27,10,14,6,4,468,35.26,8.76,38.89,4.06,5.77,2.14,2.99,1.28,0.85,86.21
Madremanya,17097,60,13,46,10,4,3,28,1,4,170,35.29,7.65,27.06,5.88,2.35,1.76,16.47,0.59,2.35,86.43
Montoliu de Segarra,25141,38,7,38,10,5,6,11,0,2,118,32.2,5.93,32.2,8.47,4.24,5.08,9.32,0,1.69,77.63
Pineda de Mar,8163,3369,4030,1181,1947,1817,811,253,756,282,14548,23.16,27.7,8.12,13.38,12.49,5.57,1.74,5.2,1.94,74.97
Ogassa,17112,57,14,45,12,2,5,8,3,4,152,37.5,9.21,29.61,7.89,1.32,3.29,5.26,1.97,2.63,79.38
Olivella,8148,396,403,110,314,268,72,32,125,54,1794,22.07,22.46,6.13,17.5,14.94,4.01,1.78,6.97,3.01,77.25
Òrrius,8153,194,40,102,47,17,4,34,11,7,458,42.36,8.73,22.27,10.26,3.71,0.87,7.42,2.4,1.53,82.29
Pratdip,43118,146,44,67,38,27,7,18,6,3,356,41.01,12.36,18.82,10.67,7.58,1.97,5.06,1.69,0.84,84
Puigverd de Lleida,25182,280,167,147,78,58,44,10,27,17,839,33.37,19.9,17.52,9.3,6.91,5.24,1.19,3.22,2.03,80.73
Golmés,25099,392,90,309,52,53,32,27,11,8,978,40.08,9.2,31.6,5.32,5.42,3.27,2.76,1.12,0.82,75.99
Ribes de Freser,17145,385,118,321,71,57,28,70,16,18,1103,34.9,10.7,29.1,6.44,5.17,2.54,6.35,1.45,1.63,77.72
Santa Coloma de Gramenet,8245,6188,21795,1222,11714,8774,3441,655,2227,1010,57664,10.73,37.8,2.12,20.31,15.22,5.97,1.14,3.86,1.75,74.48
Sant Boi de Llobregat,8200,7546,15854,1761,10176,6722,2346,616,1851,933,48395,15.59,32.76,3.64,21.03,13.89,4.85,1.27,3.82,1.93,78.35
Sant Martí de Riucorb,25902,181,34,121,19,16,26,24,12,2,439,41.23,7.74,27.56,4.33,3.64,5.92,5.47,2.73,0.46,82.84
Soses,25210,349,122,234,37,38,43,11,15,0,853,40.91,14.3,27.43,4.34,4.45,5.04,1.29,1.76,0,80.35
Torrefarrera,25228,859,355,572,195,230,83,27,86,16,2459,34.93,14.44,23.26,7.93,9.35,3.38,1.1,3.5,0.65,79.23
Torregrossa,25230,514,199,245,38,103,62,17,14,7,1208,42.55,16.47,20.28,3.15,8.53,5.13,1.41,1.16,0.58,78.52
Toses,17201,52,5,40,9,4,2,6,1,1,120,43.33,4.17,33.33,7.5,3.33,1.67,5,0.83,0.83,83.92
Ultramort,17203,54,17,30,11,3,1,15,1,2,135,40,12.59,22.22,8.15,2.22,0.74,11.11,0.74,1.48,81.82
Vallgorguina,8294,563,164,301,259,116,35,101,56,32,1643,34.27,9.98,18.32,15.76,7.06,2.13,6.15,3.41,1.95,79.69
Viladamat,17217,112,23,86,14,15,2,52,2,4,311,36.01,7.4,27.65,4.5,4.82,0.64,16.72,0.64,1.29,88.39
Vilassar de Mar,8219,4157,2146,2029,1659,1225,484,535,334,181,12876,32.28,16.67,15.76,12.88,9.51,3.76,4.16,2.59,1.41,82.67
Belianes,25046,156,34,70,29,21,16,16,2,2,347,44.96,9.8,20.17,8.36,6.05,4.61,4.61,0.58,0.58,85.75
Alió,43010,76,45,83,42,13,8,7,8,0,284,26.76,15.85,29.23,14.79,4.58,2.82,2.46,2.82,0,84.87
Castellví de Rosanes,8066,316,224,117,207,144,63,24,53,21,1181,26.76,18.97,9.91,17.53,12.19,5.33,2.03,4.49,1.78,81
Massanes,17101,149,68,65,52,34,9,16,9,7,413,36.08,16.46,15.74,12.59,8.23,2.18,3.87,2.18,1.69,73.84
Santa Coloma de Cervelló,8244,1383,1055,314,1054,611,161,129,129,86,4970,27.83,21.23,6.32,21.21,12.29,3.24,2.6,2.6,1.73,82.67
Llardecans,25125,135,27,88,4,12,19,8,2,2,300,45,9,29.33,1.33,4,6.33,2.67,0.67,0.67,77.89
Gallifa,8087,49,15,35,7,5,6,15,0,1,133,36.84,11.28,26.32,5.26,3.76,4.51,11.28,0,0.75,90.6
Torroja del Priorat,43154,61,10,19,9,4,2,2,2,1,111,54.95,9.01,17.12,8.11,3.6,1.8,1.8,1.8,0.9,88.1
Teià,8281,1324,556,799,451,375,143,162,92,61,3998,33.12,13.91,19.98,11.28,9.38,3.58,4.05,2.3,1.53,82.83
Juià,17087,68,15,53,11,4,7,16,0,2,176,38.64,8.52,30.11,6.25,2.27,3.98,9.09,0,1.14,79.73
Anglesola,25027,319,57,234,41,48,29,17,10,4,763,41.81,7.47,30.67,5.37,6.29,3.8,2.23,1.31,0.52,78.3
Roda de Barà,43131,614,904,224,490,600,239,19,216,62,3401,18.05,26.58,6.59,14.41,17.64,7.03,0.56,6.35,1.82,71.92
Vallfogona de Balaguer,25240,398,150,261,82,70,68,30,34,5,1110,35.86,13.51,23.51,7.39,6.31,6.13,2.7,3.06,0.45,80.58
Lladorre,25123,70,16,48,8,5,0,4,0,0,151,46.36,10.6,31.79,5.3,3.31,0,2.65,0,0,79.89
Vilamalla,17226,136,114,101,56,138,48,10,48,13,669,20.33,17.04,15.1,8.37,20.63,7.17,1.49,7.17,1.94,75.2
Vilopriu,17232,41,17,30,13,1,4,9,0,1,116,35.34,14.66,25.86,11.21,0.86,3.45,7.76,0,0.86,78.52
Alfés,25014,91,11,56,16,0,4,20,0,0,200,45.5,5.5,28,8,0,2,10,0,0,81.53
Salt,17155,2380,2516,1666,1079,1057,387,409,490,158,10234,23.26,24.58,16.28,10.54,10.33,3.78,4,4.79,1.54,69.34
Santa Llogaia d'Àlguema,17182,35,61,16,30,45,6,2,14,7,220,15.91,27.73,7.27,13.64,20.45,2.73,0.91,6.36,3.18,80.88
Arenys de Munt,8007,2159,652,1098,523,355,128,267,101,100,5419,39.84,12.03,20.26,9.65,6.55,2.36,4.93,1.86,1.85,80.4
Sant Martí Sesgueioles,8228,114,26,46,20,11,9,6,3,2,239,47.7,10.88,19.25,8.37,4.6,3.77,2.51,1.26,0.84,82.99
Olesa de Bonesvalls,8146,275,247,74,202,156,36,19,47,19,1079,25.49,22.89,6.86,18.72,14.46,3.34,1.76,4.36,1.76,79.97
Barbens,25041,186,52,87,17,26,9,7,3,4,396,46.97,13.13,21.97,4.29,6.57,2.27,1.77,0.76,1.01,75.57
Barberà de la Conca,43021,107,30,61,26,12,6,10,12,2,269,39.78,11.15,22.68,9.67,4.46,2.23,3.72,4.46,0.74,78.26
Bàscara,17016,221,54,169,50,21,20,34,8,3,581,38.04,9.29,29.09,8.61,3.61,3.44,5.85,1.38,0.52,81.22
Ventalló,17210,162,39,125,34,35,14,22,5,7,445,36.4,8.76,28.09,7.64,7.87,3.15,4.94,1.12,1.57,77.41
Besalú,17019,517,181,553,82,50,14,46,12,2,1462,35.36,12.38,37.82,5.61,3.42,0.96,3.15,0.82,0.14,82.51
Cabra del Camp,43036,142,123,103,82,68,16,24,25,16,602,23.59,20.43,17.11,13.62,11.3,2.66,3.99,4.15,2.66,69.94
Gimenells i el Pla de la Font,25912,159,138,75,55,76,125,20,23,5,684,23.25,20.18,10.96,8.04,11.11,18.27,2.92,3.36,0.73,81.26
Campins,8039,115,33,80,49,14,1,28,5,6,334,34.43,9.88,23.95,14.67,4.19,0.3,8.38,1.5,1.8,83.08
Canet de Mar,8040,2770,1461,1098,1149,713,367,329,265,132,8431,32.85,17.33,13.02,13.63,8.46,4.35,3.9,3.14,1.57,76.95
Aldover,43006,234,96,54,55,23,31,7,10,9,525,44.57,18.29,10.29,10.48,4.38,5.9,1.33,1.9,1.71,78.55
L'Albi,25009,192,58,133,26,25,30,12,7,3,491,39.1,11.81,27.09,5.3,5.09,6.11,2.44,1.43,0.61,83.47
Alcarràs,25011,1517,526,695,330,328,187,76,123,37,3871,39.19,13.59,17.95,8.52,8.47,4.83,1.96,3.18,0.96,74.3
Mataró,8121,14870,17082,6438,10008,9054,3377,1753,2981,1161,67328,22.09,25.37,9.56,14.86,13.45,5.02,2.6,4.43,1.72,77.48
Mollerussa,25137,1997,1098,1521,511,506,252,155,128,62,6296,31.72,17.44,24.16,8.12,8.04,4,2.46,2.03,0.98,72.84
Abrera,8001,1207,2175,285,1453,1038,349,101,356,171,7212,16.74,30.16,3.95,20.15,14.39,4.84,1.4,4.94,2.37,79.87
Mollet de Peralada,17106,49,14,36,9,5,4,4,0,2,123,39.84,11.38,29.27,7.32,4.07,3.25,3.25,0,1.63,86.71
Ossó de Sió,25157,41,13,47,6,21,0,1,3,0,137,29.93,9.49,34.31,4.38,15.33,0,0.73,2.19,0,84.57
Prats i Sansor,25175,54,9,32,12,11,11,2,3,0,135,40,6.67,23.7,8.89,8.15,8.15,1.48,2.22,0,76.7
Albons,17004,194,30,117,33,24,3,25,2,7,441,43.99,6.8,26.53,7.48,5.44,0.68,5.67,0.45,1.59,83.49
Agullana,17001,181,58,88,41,29,6,26,15,6,454,39.87,12.78,19.38,9.03,6.39,1.32,5.73,3.3,1.32,79.14
Regencós,17144,57,15,61,15,8,4,7,2,1,170,33.53,8.82,35.88,8.82,4.71,2.35,4.12,1.18,0.59,81.43
Castellví de la Marca,8065,341,119,282,80,34,27,33,20,14,964,35.37,12.34,29.25,8.3,3.53,2.8,3.42,2.07,1.45,81.95
Ripollet,8180,3077,6446,791,4767,3134,1072,299,940,362,21100,14.58,30.55,3.75,22.59,14.85,5.08,1.42,4.45,1.72,78.38
Alpens,8004,72,9,77,8,3,0,22,0,0,191,37.7,4.71,40.31,4.19,1.57,0,11.52,0,0,92.82
Riudellots de la Selva,17150,396,134,431,71,59,21,46,14,9,1192,33.22,11.24,36.16,5.96,4.95,1.76,3.86,1.17,0.76,84.08
Vidreres,17213,1081,664,907,463,387,132,139,129,51,3985,27.13,16.66,22.76,11.62,9.71,3.31,3.49,3.24,1.28,72.22
Vilaür,17222,51,5,28,3,1,0,6,0,0,95,53.68,5.26,29.47,3.16,1.05,0,6.32,0,0,90.48
Barberà del Vallès,8252,2909,6050,564,4310,3020,995,234,909,410,19642,14.81,30.8,2.87,21.94,15.38,5.07,1.19,4.63,2.09,79.87
Aiguaviva,17002,161,29,171,30,35,13,32,8,4,488,32.99,5.94,35.04,6.15,7.17,2.66,6.56,1.64,0.82,87.06
Els Pallaresos,43100,597,632,249,495,445,98,58,163,54,2816,21.2,22.44,8.84,17.58,15.8,3.48,2.06,5.79,1.92,80.83
Abella de la Conca,25001,39,15,28,13,3,0,4,0,0,103,37.86,14.56,27.18,12.62,2.91,0,3.88,0,0,74.82
Almenar,25021,752,345,371,132,101,61,55,29,19,1882,39.96,18.33,19.71,7.01,5.37,3.24,2.92,1.54,1.01,74.42
Aguilar de Segarra,8002,63,13,60,18,4,2,17,4,0,183,34.43,7.1,32.79,9.84,2.19,1.09,9.29,2.19,0,83.64
Alella,8003,1796,925,1017,548,680,256,186,199,81,5742,31.28,16.11,17.71,9.54,11.84,4.46,3.24,3.47,1.41,80.2
Àger,25002,142,41,83,24,10,16,29,5,3,356,39.89,11.52,23.31,6.74,2.81,4.49,8.15,1.4,0.84,76.45
Cantallops,17041,85,18,24,14,10,5,5,0,1,165,51.52,10.91,14.55,8.48,6.06,3.03,3.03,0,0.61,76.15
Creixell,43050,398,467,159,248,258,147,23,110,37,1868,21.31,25,8.51,13.28,13.81,7.87,1.23,5.89,1.98,71.39
Aitona,25038,337,135,321,55,71,128,14,17,5,1094,30.8,12.34,29.34,5.03,6.49,11.7,1.28,1.55,0.46,74.97
Tortellà,17200,200,47,130,57,11,10,46,1,7,510,39.22,9.22,25.49,11.18,2.16,1.96,9.02,0.2,1.37,82.18
Alàs i Cerc,25005,77,31,59,8,9,3,8,4,0,202,38.12,15.35,29.21,3.96,4.46,1.49,3.96,1.98,0,73.72
Agramunt,25003,1157,311,687,158,197,115,62,70,24,2815,41.1,11.05,24.4,5.61,7,4.09,2.2,2.49,0.85,76
Sant Hilari Sacalm,17164,1170,426,898,165,138,41,145,20,28,3054,38.31,13.95,29.4,5.4,4.52,1.34,4.75,0.65,0.92,78.26
Alfara de Carles,43008,63,41,24,18,19,13,0,21,0,200,31.5,20.5,12,9,9.5,6.5,0,10.5,0,65.8
Aiguamúrcia,43001,191,83,112,79,39,14,9,6,5,543,35.17,15.29,20.63,14.55,7.18,2.58,1.66,1.1,0.92,78.24
Albesa,25008,380,84,220,35,50,55,17,6,3,857,44.34,9.8,25.67,4.08,5.83,6.42,1.98,0.7,0.35,79.69
Albinyana,43002,228,403,133,174,225,45,13,78,29,1348,16.91,29.9,9.87,12.91,16.69,3.34,0.96,5.79,2.15,72.91
Alcover,43005,849,511,441,343,286,103,67,83,33,2749,30.88,18.59,16.04,12.48,10.4,3.75,2.44,3.02,1.2,75.9
Albanyà,17003,34,3,26,3,0,2,6,0,0,75,45.33,4,34.67,4,0,2.67,8,0,0,73.53
Albatàrrec,25007,388,180,181,106,89,42,29,36,25,1083,35.83,16.62,16.71,9.79,8.22,3.88,2.68,3.32,2.31,78.23
Gironella,8092,1160,437,688,176,131,80,164,28,12,2889,40.15,15.13,23.81,6.09,4.53,2.77,5.68,0.97,0.42,78.41
Els Omellons,25153,52,13,28,13,17,13,6,4,1,150,34.67,8.67,18.67,8.67,11.33,8.67,4,2.67,0.67,79.17
Alcanar,43004,2015,752,478,533,308,268,109,151,27,4691,42.95,16.03,10.19,11.36,6.57,5.71,2.32,3.22,0.58,75.61
Alp,17006,344,93,203,84,64,26,23,10,17,878,39.18,10.59,23.12,9.57,7.29,2.96,2.62,1.14,1.94,74.2
Bellcaire d'Urgell,25047,365,72,202,27,33,30,28,11,2,781,46.73,9.22,25.86,3.46,4.23,3.84,3.59,1.41,0.26,80.66
Alforja,43009,365,167,194,71,81,23,54,38,11,1078,33.86,15.49,18,6.59,7.51,2.13,5.01,3.53,1.02,78.07
Alguaire,25016,667,218,368,117,91,56,35,17,8,1587,42.03,13.74,23.19,7.37,5.73,3.53,2.21,1.07,0.5,76.33
Altafulla,43012,882,583,399,423,360,120,66,109,55,3019,29.21,19.31,13.22,14.01,11.92,3.97,2.19,3.61,1.82,83.03
Almatret,25020,92,22,60,7,17,14,5,2,0,221,41.63,9.95,27.15,3.17,7.69,6.33,2.26,0.9,0,80.66
Cabanabona,25060,15,3,15,4,4,2,3,1,1,49,30.61,6.12,30.61,8.16,8.16,4.08,6.12,2.04,2.04,71.01
Alins,25017,83,23,56,6,2,6,4,0,1,181,45.86,12.71,30.94,3.31,1.1,3.31,2.21,0,0.55,79.31
Almacelles,25019,894,647,536,363,346,206,69,80,25,3199,27.95,20.23,16.76,11.35,10.82,6.44,2.16,2.5,0.78,69.39
Bellmunt del Priorat,43023,86,33,23,21,12,1,5,2,1,186,46.24,17.74,12.37,11.29,6.45,0.54,2.69,1.08,0.54,86.92
Caldes de Montbui,8033,3341,1971,1344,1408,1011,382,406,316,172,10435,32.02,18.89,12.88,13.49,9.69,3.66,3.89,3.03,1.65,79.29
Artesa de Lleida,25033,381,101,213,68,47,18,33,16,7,890,42.81,11.35,23.93,7.64,5.28,2.02,3.71,1.8,0.79,80.2
Alpicat,25023,1199,543,742,296,379,156,86,135,34,3601,33.3,15.08,20.61,8.22,10.52,4.33,2.39,3.75,0.94,79.97
Argelaguer,17010,86,12,94,27,3,0,31,2,5,263,32.7,4.56,35.74,10.27,1.14,0,11.79,0.76,1.9,80.73
Amer,17007,386,106,686,76,61,30,51,10,13,1422,27.14,7.45,48.24,5.34,4.29,2.11,3.59,0.7,0.91,81.62
Alt Àneu,25024,129,31,85,19,3,1,2,1,1,272,47.43,11.4,31.25,6.99,1.1,0.37,0.74,0.37,0.37,77.56
Arenys de Mar,8006,2981,1443,1611,989,732,356,410,243,155,8980,33.2,16.07,17.94,11.01,8.15,3.96,4.57,2.71,1.73,76.76
Berga,8022,3493,1269,2210,632,413,210,530,158,79,9056,38.57,14.01,24.4,6.98,4.56,2.32,5.85,1.74,0.87,74.53
Els Omells de na Gaia,25154,34,13,39,2,1,3,2,0,0,94,36.17,13.83,41.49,2.13,1.06,3.19,2.13,0,0,79.66
Amposta,43014,4252,2067,1083,1269,802,386,197,300,70,10542,40.33,19.61,10.27,12.04,7.61,3.66,1.87,2.85,0.66,73.8
Anglès,17008,815,323,981,199,133,51,139,55,24,2741,29.73,11.78,35.79,7.26,4.85,1.86,5.07,2.01,0.88,76.86
Arbeca,25029,523,169,326,96,30,47,46,10,8,1265,41.34,13.36,25.77,7.59,2.37,3.72,3.64,0.79,0.63,79.03
Arbúcies,17009,1218,320,934,258,124,56,252,42,19,3248,37.5,9.85,28.76,7.94,3.82,1.72,7.76,1.29,0.58,80.55
Artés,8010,1235,478,598,281,263,72,233,76,39,3304,37.38,14.47,18.1,8.5,7.96,2.18,7.05,2.3,1.18,79.08
Argençola,8008,65,11,35,7,4,2,7,4,3,138,47.1,7.97,25.36,5.07,2.9,1.45,5.07,2.9,2.17,77.65
Argentona,8009,2322,1262,1225,928,789,333,340,270,110,7641,30.39,16.52,16.03,12.15,10.33,4.36,4.45,3.53,1.44,80.95
Arnes,43018,100,51,121,26,16,4,4,2,3,334,29.94,15.27,36.23,7.78,4.79,1.2,1.2,0.6,0.9,87.01
Beuda,17021,33,19,22,12,0,0,12,0,0,98,33.67,19.39,22.45,12.24,0,0,12.24,0,0,80.33
Arsèguel,25032,28,3,12,6,2,0,1,0,1,53,52.83,5.66,22.64,11.32,3.77,0,1.89,0,1.89,79.1
Avinyonet de Puigventós,17012,326,141,143,99,117,26,16,21,10,914,35.67,15.43,15.65,10.83,12.8,2.84,1.75,2.3,1.09,78.22
Avinyonet del Penedès,8013,326,136,279,117,78,25,25,21,17,1031,31.62,13.19,27.06,11.35,7.57,2.42,2.42,2.04,1.65,81.25
Bonastre,43030,140,60,57,49,31,10,4,10,7,372,37.63,16.13,15.32,13.17,8.33,2.69,1.08,2.69,1.88,77.39
Boadella i les Escaules,17029,56,13,40,9,12,4,15,3,4,157,35.67,8.28,25.48,5.73,7.64,2.55,9.55,1.91,2.55,80.4
Bellmunt d'Urgell,25049,42,7,33,2,14,2,7,4,0,111,37.84,6.31,29.73,1.8,12.61,1.8,6.31,3.6,0,72.9
Artesa de Segre,25034,738,139,526,65,88,63,41,32,10,1719,42.93,8.09,30.6,3.78,5.12,3.66,2.39,1.86,0.58,75.74
Bellaguarda,25170,78,28,87,10,7,4,6,1,1,228,34.21,12.28,38.16,4.39,3.07,1.75,2.63,0.44,0.44,88.12
Ascó,43019,438,172,124,84,84,50,20,28,1,1008,43.45,17.06,12.3,8.33,8.33,4.96,1.98,2.78,0.1,76.35
Avinyó,8012,604,124,354,57,56,26,76,13,12,1331,45.38,9.32,26.6,4.28,4.21,1.95,5.71,0.98,0.9,77.86
Banyoles,17015,3789,1058,3077,725,409,247,386,95,83,10078,37.6,10.5,30.53,7.19,4.06,2.45,3.83,0.94,0.82,79.05
Bagà,8016,543,267,274,127,96,33,62,30,9,1448,37.5,18.44,18.92,8.77,6.63,2.28,4.28,2.07,0.62,80.24
Batea,43022,342,269,144,86,107,102,15,44,3,1123,30.45,23.95,12.82,7.66,9.53,9.08,1.34,3.92,0.27,78.75
Baix Pallars,25039,72,35,53,24,8,6,14,0,2,216,33.33,16.2,24.54,11.11,3.7,2.78,6.48,0,0.93,82.76
Castell de l'Areny,8057,23,1,14,4,1,1,5,0,0,50,46,2,28,8,2,2,10,0,0,81.97
Bolvir,17024,79,25,79,9,16,9,2,5,3,227,34.8,11.01,34.8,3.96,7.05,3.96,0.88,2.2,1.32,80
Balenyà,8017,787,370,429,234,153,41,64,56,26,2182,36.07,16.96,19.66,10.72,7.01,1.88,2.93,2.57,1.19,77.54
Begues,8020,1290,764,607,666,458,121,154,145,86,4327,29.81,17.66,14.03,15.39,10.58,2.8,3.56,3.35,1.99,83.86
Begur,17013,598,478,395,215,221,84,44,74,41,2173,27.52,22,18.18,9.89,10.17,3.87,2.02,3.41,1.89,78.59
Barcelona,8019,201616,198883,94181,142763,101892,53788,28793,29601,12344,872061,23.12,22.81,10.8,16.37,11.68,6.17,3.3,3.39,1.42,78.33
Bassella,25044,40,13,52,6,9,14,3,1,0,144,27.78,9.03,36.11,4.17,6.25,9.72,2.08,0.69,0,81.46
Bigues i Riells,8023,1648,870,584,896,618,202,167,182,87,5298,31.11,16.42,11.02,16.91,11.66,3.81,3.15,3.44,1.64,77.19
Calafell,43037,2542,3268,1057,2047,1830,728,162,693,250,12695,20.02,25.74,8.33,16.12,14.42,5.73,1.28,5.46,1.97,71.42
Bellprat,8021,22,6,11,3,1,1,0,1,0,45,48.89,13.33,24.44,6.67,2.22,2.22,0,2.22,0,77.05
Bellpuig,25050,1061,280,583,172,134,77,71,30,13,2446,43.38,11.45,23.83,7.03,5.48,3.15,2.9,1.23,0.53,75.16
Bellvei,43024,255,285,92,161,187,51,20,58,23,1137,22.43,25.07,8.09,14.16,16.45,4.49,1.76,5.1,2.02,74.16
Bescanó,17020,1126,297,976,211,122,40,155,31,33,3006,37.46,9.88,32.47,7.02,4.06,1.33,5.16,1.03,1.1,82.29
Blanes,17023,4139,5451,1999,3326,2718,847,388,745,325,20146,20.55,27.06,9.92,16.51,13.49,4.2,1.93,3.7,1.61,74.79
Cabanes,17030,139,74,103,33,50,28,17,22,4,477,29.14,15.51,21.59,6.92,10.48,5.87,3.56,4.61,0.84,73.69
El Papiol,8158,733,522,279,385,276,82,51,60,44,2453,29.88,21.28,11.37,15.7,11.25,3.34,2.08,2.45,1.79,79.09
Bellver de Cerdanya,25051,486,146,295,72,57,21,52,21,14,1172,41.47,12.46,25.17,6.14,4.86,1.79,4.44,1.79,1.19,77.88
Benavent de Segrià,25053,329,117,235,58,48,37,16,20,4,873,37.69,13.4,26.92,6.64,5.5,4.24,1.83,2.29,0.46,80.49
Benifallet,43025,184,144,34,34,30,26,5,13,1,472,38.98,30.51,7.2,7.2,6.36,5.51,1.06,2.75,0.21,80.68
Biosca,25055,40,10,50,10,11,4,4,0,0,129,31.01,7.75,38.76,7.75,8.53,3.1,3.1,0,0,79.75
Riu de Cerdanya,25913,41,5,19,7,2,1,2,0,0,77,53.25,6.49,24.68,9.09,2.6,1.3,2.6,0,0,89.53
Borrassà,17026,155,39,154,29,18,8,26,10,5,449,34.52,8.69,34.3,6.46,4.01,1.78,5.79,2.23,1.11,82.87
Borredà,8024,128,41,82,8,15,8,12,0,2,298,42.95,13.76,27.52,2.68,5.03,2.68,4.03,0,0.67,84.31
Calders,8034,265,51,172,42,28,10,57,11,9,646,41.02,7.89,26.63,6.5,4.33,1.55,8.82,1.7,1.39,82.65
Botarell,43033,260,77,90,65,44,21,12,25,7,607,42.83,12.69,14.83,10.71,7.25,3.46,1.98,4.12,1.15,79.3
Carme,8048,212,47,109,22,21,10,14,2,3,442,47.96,10.63,24.66,4.98,4.75,2.26,3.17,0.45,0.68,77.68
Bovera,25056,68,13,60,10,4,0,3,1,1,163,41.72,7.98,36.81,6.13,2.45,0,1.84,0.61,0.61,76.53
Bràfim,43034,168,63,77,21,22,16,5,15,6,393,42.75,16.03,19.59,5.34,5.6,4.07,1.27,3.82,1.53,83.97
Breda,17027,1006,297,530,201,107,58,103,20,27,2364,42.55,12.56,22.42,8.5,4.53,2.45,4.36,0.85,1.14,82.87
Colomers,17055,53,7,38,10,1,2,13,0,1,125,42.4,5.6,30.4,8,0.8,1.6,10.4,0,0.8,88.11
Canejan,25063,9,20,7,3,2,10,1,8,1,61,14.75,32.79,11.48,4.92,3.28,16.39,1.64,13.11,1.64,64.21
Calldetenes,8037,681,114,512,62,54,24,109,22,14,1610,42.3,7.08,31.8,3.85,3.35,1.49,6.77,1.37,0.87,83.83
Cabó,25061,22,7,20,3,2,0,2,2,0,58,37.93,12.07,34.48,5.17,3.45,0,3.45,3.45,0,73.75
Cadaqués,17032,430,182,321,132,64,15,34,14,21,1224,35.13,14.87,26.23,10.78,5.23,1.23,2.78,1.14,1.72,70.9
Campllong,17038,128,25,91,21,16,4,14,2,4,308,41.56,8.12,29.55,6.82,5.19,1.3,4.55,0.65,1.3,82.11
Canet d'Adri,17040,149,31,169,37,16,8,34,7,3,459,32.46,6.75,36.82,8.06,3.49,1.74,7.41,1.53,0.65,84.39
Callús,8038,487,176,243,115,76,25,40,32,18,1220,39.92,14.43,19.92,9.43,6.23,2.05,3.28,2.62,1.48,80.52
Calonge,17034,1556,986,1056,568,515,196,134,154,83,5291,29.41,18.64,19.96,10.74,9.73,3.7,2.53,2.91,1.57,74.07
Celrà,17049,836,390,565,237,163,46,292,47,22,2615,31.97,14.91,21.61,9.06,6.23,1.76,11.17,1.8,0.84,82.21
Calonge de Segarra,8036,61,10,45,4,5,1,4,0,3,133,45.86,7.52,33.83,3.01,3.76,0.75,3.01,0,2.26,82.21
Cànoves i Samalús,8042,464,372,182,343,256,97,59,84,37,1904,24.37,19.54,9.56,18.01,13.45,5.09,3.1,4.41,1.94,80.86
Castellfollit de Riubregós,8060,29,8,44,5,6,7,7,2,0,109,26.61,7.34,40.37,4.59,5.5,6.42,6.42,1.83,0,82.22
Cambrils,43038,3758,3278,1715,2103,2853,958,244,1086,253,16406,22.91,19.98,10.45,12.82,17.39,5.84,1.49,6.62,1.54,75.5
El Poal,25168,150,29,122,8,27,33,13,16,2,407,36.86,7.13,29.98,1.97,6.63,8.11,3.19,3.93,0.49,83.61
Camarasa,25062,238,62,147,40,41,12,18,7,3,573,41.54,10.82,25.65,6.98,7.16,2.09,3.14,1.22,0.52,83.17
Campdevànol,17036,743,315,510,169,136,53,75,33,14,2071,35.88,15.21,24.63,8.16,6.57,2.56,3.62,1.59,0.68,78.55
Campelles,17037,32,4,42,2,4,1,4,2,0,98,32.65,4.08,42.86,2.04,4.08,1.02,4.08,2.04,0,85.96
Canovelles,8041,1012,2617,436,1364,1157,446,77,410,127,7732,13.09,33.85,5.64,17.64,14.96,5.77,1,5.3,1.64,73
Camprodon,17039,454,217,290,199,77,28,43,14,19,1380,32.9,15.72,21.01,14.42,5.58,2.03,3.12,1.01,1.38,79.6
Capafonts,43039,43,4,16,2,8,0,12,0,0,85,50.59,4.71,18.82,2.35,9.41,0,14.12,0,0,80.95
Capçanes,43040,131,18,59,26,7,10,14,7,1,276,47.46,6.52,21.38,9.42,2.54,3.62,5.07,2.54,0.36,85.28
Capellades,8044,1014,723,390,357,333,106,122,73,31,3175,31.94,22.77,12.28,11.24,10.49,3.34,3.84,2.3,0.98,77.2
Capmany,17042,110,40,92,29,20,6,3,7,4,311,35.37,12.86,29.58,9.32,6.43,1.93,0.96,2.25,1.29,76.72
Capolat,8045,20,0,18,7,0,0,4,0,0,49,40.82,0,36.73,14.29,0,0,8.16,0,0,73.24
Cardedeu,8046,3504,1947,1496,1636,970,337,571,255,137,10939,32.03,17.8,13.68,14.96,8.87,3.08,5.22,2.33,1.25,81.53
Cardona,8047,905,707,450,235,247,123,96,65,24,2876,31.47,24.58,15.65,8.17,8.59,4.28,3.34,2.26,0.83,77.68
Caseres,43041,59,37,22,13,21,12,1,9,0,177,33.33,20.9,12.43,7.34,11.86,6.78,0.56,5.08,0,78.51
Casserres,8049,446,60,275,65,31,23,50,9,9,977,45.65,6.14,28.15,6.65,3.17,2.35,5.12,0.92,0.92,74.32
Castellar de la Ribera,25064,35,11,31,1,2,1,7,0,0,88,39.77,12.5,35.23,1.14,2.27,1.14,7.95,0,0,89.8
Castellar del Riu,8050,49,5,49,3,2,0,5,0,1,114,42.98,4.39,42.98,2.63,1.75,0,4.39,0,0.88,84.56
Castellnou de Seana,25068,138,44,152,17,14,10,15,0,2,399,34.59,11.03,38.1,4.26,3.51,2.51,3.76,0,0.5,75.71
Castellar de n'Hug,8052,33,5,54,2,1,5,6,3,0,110,30,4.55,49.09,1.82,0.91,4.55,5.45,2.73,0,79.86
Castellbell i el Vilar,8053,617,465,283,271,223,79,35,74,31,2098,29.41,22.16,13.49,12.92,10.63,3.77,1.67,3.53,1.48,73.47
Castellbisbal,8054,1792,1723,536,1403,972,293,182,330,129,7428,24.12,23.2,7.22,18.89,13.09,3.94,2.45,4.44,1.74,81.57
Castellcir,8055,194,48,87,33,22,8,29,13,6,442,43.89,10.86,19.68,7.47,4.98,1.81,6.56,2.94,1.36,81.89
Castelldefels,8056,5685,8439,1920,5726,5679,2421,386,1744,674,33048,17.2,25.54,5.81,17.33,17.18,7.33,1.17,5.28,2.04,77.72
Castellfollit de la Roca,17046,256,56,147,46,21,12,17,4,7,571,44.83,9.81,25.74,8.06,3.68,2.1,2.98,0.7,1.23,80.85
Castelló d'Empúries,17047,863,571,573,342,491,160,134,196,67,3429,25.17,16.65,16.71,9.97,14.32,4.67,3.91,5.72,1.95,69.38
Castell de Mur,25904,40,17,55,12,8,4,4,1,1,147,27.21,11.56,37.41,8.16,5.44,2.72,2.72,0.68,0.68,90.74
Castellet i la Gornal,8058,384,316,138,199,132,53,27,53,25,1340,28.66,23.58,10.3,14.85,9.85,3.96,2.01,3.96,1.87,75.94
Castelló de Farfanya,25069,174,25,90,10,7,4,7,7,0,327,53.21,7.65,27.52,3.06,2.14,1.22,2.14,2.14,0,77.41
Castellfollit del Boix,8059,134,17,69,22,12,10,15,4,4,290,46.21,5.86,23.79,7.59,4.14,3.45,5.17,1.38,1.38,84.88
Fontcoberta,17071,396,80,319,54,34,14,0,7,6,978,40.49,8.18,32.62,5.52,3.48,1.43,0,0.72,0.61,86.7
Castellnou de Bages,8062,311,106,157,79,70,20,27,31,12,826,37.65,12.83,19.01,9.56,8.47,2.42,3.27,3.75,1.45,82.57
Castellolí,8063,202,34,95,36,9,3,12,3,6,405,49.88,8.4,23.46,8.89,2.22,0.74,2.96,0.74,1.48,86.75
Cercs,8268,315,137,132,42,52,20,11,10,13,737,42.74,18.59,17.91,5.7,7.06,2.71,1.49,1.36,1.76,76.83
Castellserà,25070,283,71,188,45,36,17,23,3,2,675,41.93,10.52,27.85,6.67,5.33,2.52,3.41,0.44,0.3,83.48
Centelles,8067,1763,693,930,398,243,122,200,69,62,4513,39.06,15.36,20.61,8.82,5.38,2.7,4.43,1.53,1.37,79.17
Castellterçol,8064,612,201,345,129,74,24,63,21,21,1506,40.64,13.35,22.91,8.57,4.91,1.59,4.18,1.39,1.39,78.96
Castellvell del Camp,43042,680,199,320,180,216,69,47,62,32,1816,37.44,10.96,17.62,9.91,11.89,3.8,2.59,3.41,1.76,82.8
Crespià,17058,34,9,46,20,5,6,18,0,1,139,24.46,6.47,33.09,14.39,3.6,4.32,12.95,0,0.72,81.76
Cerdanyola del Vallès,8266,6744,9704,2383,6771,4774,1751,773,1189,586,34984,19.28,27.74,6.81,19.35,13.65,5.01,2.21,3.4,1.68,80.95
Cervià de Ter,17050,232,47,164,40,23,7,51,8,5,582,39.86,8.08,28.18,6.87,3.95,1.2,8.76,1.37,0.86,86.8
Cistella,17051,52,11,61,8,7,5,19,7,0,173,30.06,6.36,35.26,4.62,4.05,2.89,10.98,4.05,0,84.06
Cervelló,8068,1546,1135,445,874,682,256,107,225,113,5437,28.43,20.88,8.18,16.08,12.54,4.71,1.97,4.14,2.08,79.33
Cervera,25072,1496,716,951,333,343,204,179,148,43,4450,33.62,16.09,21.37,7.48,7.71,4.58,4.02,3.33,0.97,76.06
Copons,8071,98,19,36,24,8,3,9,2,1,200,49,9.5,18,12,4,1.5,4.5,1,0.5,82.99
Massalcoreig,25131,149,57,54,17,17,13,3,5,2,320,46.56,17.81,16.88,5.31,5.31,4.06,0.94,1.56,0.63,79.85
Clariana de Cardener,25075,41,6,35,8,5,0,6,0,1,102,40.2,5.88,34.31,7.84,4.9,0,5.88,0,0.98,77.86
Cornellà de Llobregat,8073,6077,17570,1474,10165,6792,2793,566,1826,723,48527,12.52,36.21,3.04,20.95,14,5.76,1.17,3.76,1.49,77.94
Colera,17054,93,38,66,24,25,5,10,7,2,271,34.32,14.02,24.35,8.86,9.23,1.85,3.69,2.58,0.74,78.1
Collbató,8069,902,423,331,402,301,98,76,83,40,2680,33.66,15.78,12.35,15,11.23,3.66,2.84,3.1,1.49,82.04
Corbera d'Ebre,43048,222,91,78,62,45,73,13,11,4,609,36.45,14.94,12.81,10.18,7.39,11.99,2.13,1.81,0.66,80.47
Collsuspina,8070,101,16,67,18,7,3,17,2,0,232,43.53,6.9,28.88,7.76,3.02,1.29,7.33,0.86,0,87.22
El Far d'Empordà,17005,125,55,70,23,21,8,20,7,1,331,37.76,16.62,21.15,6.95,6.34,2.42,6.04,2.11,0.3,73.04
Cornellà del Terri,17056,430,128,569,108,57,27,74,20,8,1433,30.01,8.93,39.71,7.54,3.98,1.88,5.16,1.4,0.56,81.43
Ginestar,43067,251,55,81,29,16,4,5,2,1,445,56.4,12.36,18.2,6.52,3.6,0.9,1.12,0.45,0.22,85.23
Conca de Dalt,25161,111,29,57,23,7,7,8,1,0,243,45.68,11.93,23.46,9.47,2.88,2.88,3.29,0.41,0,70.85
Conesa,43046,36,6,16,4,2,0,1,2,5,73,49.32,8.22,21.92,5.48,2.74,0,1.37,2.74,6.85,81.11
Constantí,43047,513,869,205,317,459,178,48,173,54,2856,17.96,30.43,7.18,11.1,16.07,6.23,1.68,6.06,1.89,68.38
Corçà,17057,353,91,229,51,30,18,35,5,8,822,42.94,11.07,27.86,6.2,3.65,2.19,4.26,0.61,0.97,85.33
Cornudella de Montsant,43049,308,51,130,38,14,5,27,5,2,584,52.74,8.73,22.26,6.51,2.4,0.86,4.62,0.86,0.34,81.02
La Floresta,25092,42,10,29,4,2,1,7,0,3,99,42.42,10.1,29.29,4.04,2.02,1.01,7.07,0,3.03,79.53
Cunit,43051,934,1891,304,1229,1158,368,49,394,129,6502,14.36,29.08,4.68,18.9,17.81,5.66,0.75,6.06,1.98,72.34
El Lloar,43072,29,7,15,3,8,7,2,3,0,74,39.19,9.46,20.27,4.05,10.81,9.46,2.7,4.05,0,79.57
El Vilosell,25253,63,2,32,9,6,4,4,0,1,121,52.07,1.65,26.45,7.44,4.96,3.31,3.31,0,0.83,84.14
"Cruïlles, Monells i Sant Sadurní de l'Heura",17901,294,79,206,60,49,12,57,7,20,789,37.26,10.01,26.11,7.6,6.21,1.52,7.22,0.89,2.53,80.37
Cubells,25079,85,18,91,6,5,10,5,6,1,227,37.44,7.93,40.09,2.64,2.2,4.41,2.2,2.64,0.44,80
El Montmell,43090,125,186,38,138,113,38,8,67,21,742,16.85,25.07,5.12,18.6,15.23,5.12,1.08,9.03,2.83,64.07
Darnius,17060,125,36,53,14,26,23,15,16,2,311,40.19,11.58,17.04,4.5,8.36,7.4,4.82,5.14,0.64,76.23
Das,17061,67,1,47,5,13,5,7,0,2,148,45.27,0.68,31.76,3.38,8.78,3.38,4.73,0,1.35,80.87
El Masroig,43082,115,34,89,27,4,11,11,4,0,297,38.72,11.45,29.97,9.09,1.35,3.7,3.7,1.35,0,86.32
El Cogul,25076,28,9,36,9,4,0,5,2,0,93,30.11,9.68,38.71,9.68,4.3,0,5.38,2.15,0,70.15
El Bruc,8025,412,201,138,186,85,50,62,52,18,1214,33.94,16.56,11.37,15.32,7,4.12,5.11,4.28,1.48,79.54
Gelida,8091,1240,991,429,744,382,126,152,112,64,4283,28.95,23.14,10.02,17.37,8.92,2.94,3.55,2.61,1.49,79.46
El Pont de Bar,25030,35,8,27,4,2,4,6,2,1,90,38.89,8.89,30,4.44,2.22,4.44,6.67,2.22,1.11,73.17
Deltebre,43901,2381,1192,1007,596,264,231,65,149,34,6004,39.66,19.85,16.77,9.93,4.4,3.85,1.08,2.48,0.57,69.22
Dosrius,8075,929,588,353,440,349,134,100,147,55,3119,29.79,18.85,11.32,14.11,11.19,4.3,3.21,4.71,1.76,77.04
Flaçà,17067,222,64,183,32,23,9,22,6,10,578,38.41,11.07,31.66,5.54,3.98,1.56,3.81,1.04,1.73,83.36
El Brull,8026,63,7,67,3,3,4,8,2,3,161,39.13,4.35,41.61,1.86,1.86,2.48,4.97,1.24,1.86,83.42
El Morell,43095,552,338,263,260,304,90,28,92,36,1984,27.82,17.04,13.26,13.1,15.32,4.54,1.41,4.64,1.81,77.81
El Masnou,8118,4422,2578,1977,2057,1350,521,466,375,225,14072,31.42,18.32,14.05,14.62,9.59,3.7,3.31,2.66,1.6,80.46
El Molar,43085,83,28,43,13,12,3,8,3,1,194,42.78,14.43,22.16,6.7,6.19,1.55,4.12,1.55,0.52,84.26
El Perelló,43104,708,196,238,111,40,13,51,22,12,1401,50.54,13.99,16.99,7.92,2.86,0.93,3.64,1.57,0.86,80.02
El Pont d'Armentera,43113,87,51,83,30,30,7,13,19,1,323,26.93,15.79,25.7,9.29,9.29,2.17,4.02,5.88,0.31,81.86
El Pinell de Brai,43106,247,106,114,77,31,34,16,19,2,651,37.94,16.28,17.51,11.83,4.76,5.22,2.46,2.92,0.31,82.72
Els Alamús,25004,169,56,148,39,20,11,8,11,3,467,36.19,11.99,31.69,8.35,4.28,2.36,1.71,2.36,0.64,81.74
El Pla de Santa Maria,43108,431,204,326,100,125,54,50,40,24,1365,31.58,14.95,23.88,7.33,9.16,3.96,3.66,2.93,1.76,77.28
El Pont de Vilomara i Rocafort,8182,506,598,143,322,308,62,41,166,38,2204,22.96,27.13,6.49,14.61,13.97,2.81,1.86,7.53,1.72,76.66
Els Guiamets,43070,93,29,35,11,3,4,7,2,7,193,48.19,15.03,18.13,5.7,1.55,2.07,3.63,1.04,3.63,81.51
El Port de la Selva,17140,164,69,190,34,34,14,11,5,2,527,31.12,13.09,36.05,6.45,6.45,2.66,2.09,0.95,0.38,84.35
Espinelves,17063,83,8,41,4,2,3,13,0,0,156,53.21,5.13,26.28,2.56,1.28,1.92,8.33,0,0,90.75
Els Hostalets de Pierola,8162,534,329,164,258,129,72,54,64,28,1651,32.34,19.93,9.93,15.63,7.81,4.36,3.27,3.88,1.7,78.11
El Soleràs,25206,102,3,62,4,2,2,8,2,1,188,54.26,1.6,32.98,2.13,1.06,1.06,4.26,1.06,0.53,75.6
La Torre de Fontaubella,43151,47,7,18,4,10,3,6,2,1,98,47.96,7.14,18.37,4.08,10.2,3.06,6.12,2.04,1.02,89.91
Els Plans de Sió,25911,143,28,97,19,9,8,16,8,1,331,43.2,8.46,29.31,5.74,2.72,2.42,4.83,2.42,0.3,78.3
Els Prats de Rei,8170,118,39,120,20,16,5,15,5,0,338,34.91,11.54,35.5,5.92,4.73,1.48,4.44,1.48,0,76.47
Els Torms,25224,55,5,26,4,2,0,5,0,1,98,56.12,5.1,26.53,4.08,2.04,0,5.1,0,1.02,77.78
Esparreguera,8076,3148,3309,994,2202,1395,543,241,515,246,12727,24.73,26,7.81,17.3,10.96,4.27,1.89,4.05,1.93,77.55
Esplugues de Llobregat,8077,4318,8613,1589,4724,4120,1985,389,1079,426,27491,15.71,31.33,5.78,17.18,14.99,7.22,1.42,3.92,1.55,79.84
Espolla,17064,94,41,62,14,17,6,16,3,1,261,36.02,15.71,23.75,5.36,6.51,2.3,6.13,1.15,0.38,80.67
Esponellà,17065,96,14,105,13,3,0,19,2,1,253,37.94,5.53,41.5,5.14,1.19,0,7.51,0.79,0.4,78.4
Espot,25082,114,27,47,20,8,2,7,1,1,229,49.78,11.79,20.52,8.73,3.49,0.87,3.06,0.44,0.44,77.63
Gaià,8090,46,8,40,7,2,6,0,0,1,113,40.71,7.08,35.4,6.19,1.77,5.31,0,0,0.88,82.48
Estamariu,25088,23,5,43,6,5,1,0,0,0,83,27.71,6.02,51.81,7.23,6.02,1.2,0,0,0,89.47
Esterri d'Àneu,25086,198,42,97,28,13,4,23,1,2,411,48.18,10.22,23.6,6.81,3.16,0.97,5.6,0.24,0.49,79.46
Esterri de Cardós,25087,14,8,19,2,0,0,6,0,0,49,28.57,16.33,38.78,4.08,0,0,12.24,0,0,87.5
Fontanilles,17070,42,10,30,3,4,0,2,0,2,94,44.68,10.64,31.91,3.19,4.26,0,2.13,0,2.13,85.45
Falset,43055,715,238,367,104,64,36,57,22,9,1622,44.08,14.67,22.63,6.41,3.95,2.22,3.51,1.36,0.55,82.04
Freginals,43062,60,51,36,26,14,14,7,9,1,220,27.27,23.18,16.36,11.82,6.36,6.36,3.18,4.09,0.45,86.1
Farrera,25089,33,2,15,11,1,0,6,1,1,71,46.48,2.82,21.13,15.49,1.41,0,8.45,1.41,1.41,74.23
Figaró-Montmany,8134,240,89,105,80,46,24,37,11,10,646,37.15,13.78,16.25,12.38,7.12,3.72,5.73,1.7,1.55,77.08
Fígols,8080,13,7,6,0,1,2,1,0,0,30,43.33,23.33,20,0,3.33,6.67,3.33,0,0,76.92
Folgueroles,8083,598,103,513,61,29,11,125,15,8,1471,40.65,7,34.87,4.15,1.97,0.75,8.5,1.02,0.54,88.4
Figuerola del Camp,43059,94,23,62,16,3,2,9,2,2,214,43.93,10.75,28.97,7.48,1.4,0.93,4.21,0.93,0.93,85.6
Fígols i Alinyà,25908,58,22,41,15,7,6,3,4,1,158,36.71,13.92,25.95,9.49,4.43,3.8,1.9,2.53,0.63,71.95
Figueres,17066,4763,3731,2665,1800,2396,1027,495,928,299,18266,26.08,20.43,14.59,9.85,13.12,5.62,2.71,5.08,1.64,67.24
Foixà,17068,59,23,75,16,10,2,5,1,1,193,30.57,11.92,38.86,8.29,5.18,1.04,2.59,0.52,0.52,78.86
Font-rubí,8085,313,82,243,63,39,25,24,12,6,811,38.59,10.11,29.96,7.77,4.81,3.08,2.96,1.48,0.74,83.2
Flix,43060,1111,311,274,135,98,71,97,27,13,2152,51.63,14.45,12.73,6.27,4.55,3.3,4.51,1.25,0.6,80.4
Fogars de la Selva,8082,161,201,88,149,125,37,12,58,21,861,18.7,23.34,10.22,17.31,14.52,4.3,1.39,6.74,2.44,75.94
La Nou de Berguedà,8142,41,15,44,6,4,0,13,1,0,126,32.54,11.9,34.92,4.76,3.17,0,10.32,0.79,0,90.65
Fonollosa,8084,354,117,191,91,54,31,56,14,18,936,37.82,12.5,20.41,9.72,5.77,3.31,5.98,1.5,1.92,80.63
Fontanals de Cerdanya,17069,102,21,82,22,14,18,15,6,1,284,35.92,7.39,28.87,7.75,4.93,6.34,5.28,2.11,0.35,78.57
Foradada,25094,35,9,43,6,9,7,5,0,2,116,30.17,7.76,37.07,5.17,7.76,6.03,4.31,0,1.72,83.45
Ivars d'Urgell,25113,396,106,237,39,46,30,27,10,4,908,43.61,11.67,26.1,4.3,5.07,3.3,2.97,1.1,0.44,81.72
Forallac,17902,375,130,343,62,69,24,51,11,5,1074,34.92,12.1,31.94,5.77,6.42,2.23,4.75,1.02,0.47,82.39
Forès,43061,9,0,15,1,1,2,0,0,0,28,32.14,0,53.57,3.57,3.57,7.14,0,0,0,73.68
Gandesa,43064,586,208,352,113,107,91,38,40,6,1558,37.61,13.35,22.59,7.25,6.87,5.84,2.44,2.57,0.39,77.79
Garcia,43065,143,38,77,15,7,8,9,6,0,304,47.04,12.5,25.33,4.93,2.3,2.63,2.96,1.97,0,80.63
Garrigàs,17075,130,17,50,19,8,12,26,10,4,281,46.26,6.05,17.79,6.76,2.85,4.27,9.25,3.56,1.42,84.43
Garrigoles,17076,36,6,28,12,1,3,7,0,4,100,36,6,28,12,1,3,7,0,4,82.79
Garriguella,17077,148,59,111,31,41,10,16,10,6,434,34.1,13.59,25.58,7.14,9.45,2.3,3.69,2.3,1.38,76.54
Gavà,8089,4426,8040,1445,4524,3948,1438,307,1248,537,26191,16.9,30.7,5.52,17.27,15.07,5.49,1.17,4.76,2.05,77.36
Ivorra,25114,28,1,44,3,0,0,2,0,1,79,35.44,1.27,55.7,3.8,0,0,2.53,0,1.27,83.16
Gósol,25100,52,12,54,9,3,2,7,1,2,144,36.11,8.33,37.5,6.25,2.08,1.39,4.86,0.69,1.39,78.8
Gavet de la Conca,25098,65,28,54,10,4,2,4,0,1,170,38.24,16.47,31.76,5.88,2.35,1.18,2.35,0,0.59,74.14
Gisclareny,8093,13,0,2,1,0,0,3,0,0,20,65,0,10,5,0,0,15,0,0,83.33
Gualba,8097,331,134,188,93,44,8,46,20,14,880,37.61,15.23,21.36,10.57,5,0.91,5.23,2.27,1.59,82.5
Godall,43068,105,104,24,22,28,36,9,32,0,365,28.77,28.49,6.58,6.03,7.67,9.86,2.47,8.77,0,75.98
Gombrèn,17080,47,12,29,6,8,4,12,4,0,124,37.9,9.68,23.39,4.84,6.45,3.23,9.68,3.23,0,86.11
La Bisbal d'Empordà,17022,1910,895,1093,600,277,113,276,104,50,5354,35.67,16.72,20.41,11.21,5.17,2.11,5.16,1.94,0.93,76.75
Granera,8095,24,4,14,2,2,1,3,1,1,52,46.15,7.69,26.92,3.85,3.85,1.92,5.77,1.92,1.92,79.1
Jorba,8103,197,49,86,60,43,12,28,17,8,505,39.01,9.7,17.03,11.88,8.51,2.38,5.54,3.37,1.58,79.22
Granyanella,25103,43,4,27,8,6,3,5,4,0,102,42.16,3.92,26.47,7.84,5.88,2.94,4.9,3.92,0,75.74
Granyena de Segarra,25104,32,8,32,4,5,6,1,1,2,91,35.16,8.79,35.16,4.4,5.49,6.59,1.1,1.1,2.2,74.59
Guissona,25110,749,355,492,171,147,46,79,28,19,2106,35.57,16.86,23.36,8.12,6.98,2.18,3.75,1.33,0.9,77.66
Gurb,8100,725,118,623,78,58,38,94,21,11,1782,40.68,6.62,34.96,4.38,3.25,2.13,5.27,1.18,0.62,85.66
Guardiola de Berguedà,8099,212,110,118,42,30,8,24,9,4,561,37.79,19.61,21.03,7.49,5.35,1.43,4.28,1.6,0.71,75.03
Guils de Cerdanya,17082,121,25,95,25,25,11,9,22,6,339,35.69,7.37,28.02,7.37,7.37,3.24,2.65,6.49,1.77,78.21
Lladó,17088,217,35,108,44,20,8,27,4,3,468,46.37,7.48,23.08,9.4,4.27,1.71,5.77,0.85,0.64,80.97
La Bisbal del Penedès,43028,426,448,285,323,229,63,46,96,59,1988,21.43,22.54,14.34,16.25,11.52,3.17,2.31,4.83,2.97,72.56
La Cellera de Ter,17189,415,109,527,73,30,8,92,12,5,1275,32.55,8.55,41.33,5.73,2.35,0.63,7.22,0.94,0.39,86.59
Josa i Tuixén,25910,21,6,29,4,1,1,3,0,0,67,31.34,8.96,43.28,5.97,1.49,1.49,4.48,0,0,76.92
Guixers,25111,28,5,43,2,4,2,3,2,0,89,31.46,5.62,48.31,2.25,4.49,2.25,3.37,2.25,0,79.65
Igualada,8102,7162,4075,4078,2381,1887,923,790,563,288,22322,32.08,18.26,18.27,10.67,8.45,4.13,3.54,2.52,1.29,77.89
Horta de Sant Joan,43071,219,122,171,64,44,54,12,10,1,706,31.02,17.28,24.22,9.07,6.23,7.65,1.7,1.42,0.14,80.02
Isona i Conca Dellà,25115,217,79,231,38,33,14,9,5,6,637,34.07,12.4,36.26,5.97,5.18,2.2,1.41,0.78,0.94,79.65
Juneda,25119,760,206,505,106,82,54,46,12,11,1792,42.41,11.5,28.18,5.92,4.58,3.01,2.57,0.67,0.61,80.09
La Baronia de Rialb,25042,39,19,68,8,11,10,3,1,0,160,24.38,11.88,42.5,5,6.88,6.25,1.88,0.63,0,76.92
La Granada,8094,504,191,259,139,70,37,44,28,21,1306,38.59,14.62,19.83,10.64,5.36,2.83,3.37,2.14,1.61,82.6
La Fuliola,25096,257,75,198,38,30,27,17,14,3,661,38.88,11.35,29.95,5.75,4.54,4.08,2.57,2.12,0.45,74.66
La Figuera,43058,35,5,22,8,3,0,2,1,1,77,45.45,6.49,28.57,10.39,3.9,0,2.6,1.3,1.3,80.21
La Granja d'Escarp,25102,152,77,142,37,47,25,8,12,0,511,29.75,15.07,27.79,7.24,9.2,4.89,1.57,2.35,0,78.21
La Coma i la Pedra,25163,74,9,56,7,9,8,9,4,0,179,41.34,5.03,31.28,3.91,5.03,4.47,5.03,2.23,0,76.69
Marçà,43076,177,43,85,20,15,1,17,5,7,377,46.95,11.41,22.55,5.31,3.98,0.27,4.51,1.33,1.86,82.17
La Fatarella,43056,318,57,96,43,28,36,21,7,2,613,51.88,9.3,15.66,7.01,4.57,5.87,3.43,1.14,0.33,76.43
La Galera,43063,114,71,85,38,23,30,7,26,1,397,28.72,17.88,21.41,9.57,5.79,7.56,1.76,6.55,0.25,74.81
La Garriga,8088,3251,1566,1831,1174,811,318,564,190,113,9904,32.83,15.81,18.49,11.85,8.19,3.21,5.69,1.92,1.14,81.2
La Granadella,25101,190,35,145,14,11,6,31,10,5,449,42.32,7.8,32.29,3.12,2.45,1.34,6.9,2.23,1.11,83.61
La Guingueta d'Àneu,25903,88,18,51,8,4,3,11,3,2,188,46.81,9.57,27.13,4.26,2.13,1.6,5.85,1.6,1.06,82.53
La Jonquera,17086,300,288,131,117,183,85,27,51,17,1210,24.79,23.8,10.83,9.67,15.12,7.02,2.23,4.21,1.4,70.09
L'Albagés,25006,94,49,41,16,13,14,9,5,0,245,38.37,20,16.73,6.53,5.31,5.71,3.67,2.04,0,77.6
Montornès de Segarra,25143,23,9,24,5,4,4,2,0,0,71,32.39,12.68,33.8,7.04,5.63,5.63,2.82,0,0,85.71
La Llacuna,8104,221,35,142,30,17,13,38,7,9,516,42.83,6.78,27.52,5.81,3.29,2.52,7.36,1.36,1.74,79.02
La Pera,17130,127,7,96,9,6,2,14,4,1,268,47.39,2.61,35.82,3.36,2.24,0.75,5.22,1.49,0.37,83.23
La Palma de Cervelló,8905,654,343,285,311,172,45,55,44,31,1950,33.54,17.59,14.62,15.95,8.82,2.31,2.82,2.26,1.59,84.71
Maldà,25130,61,15,44,7,1,0,6,4,2,140,43.57,10.71,31.43,5,0.71,0,4.29,2.86,1.43,77.6
L'Ametlla de Mar,43013,1295,473,586,285,272,142,59,102,35,3321,38.99,14.24,17.65,8.58,8.19,4.28,1.78,3.07,1.05,76.07
La Pobla de Mafumet,43109,361,405,126,323,362,93,16,165,51,1922,18.78,21.07,6.56,16.81,18.83,4.84,0.83,8.58,2.65,71.63
La Quar,8177,11,6,6,2,0,1,4,1,0,31,35.48,19.35,19.35,6.45,0,3.23,12.9,3.23,0,79.49
La Molsosa,25136,26,0,30,1,6,6,8,0,0,79,32.91,0,37.97,1.27,7.59,7.59,10.13,0,0,82.29
Ordis,17115,94,19,53,14,14,5,16,2,2,222,42.34,8.56,23.87,6.31,6.31,2.25,7.21,0.9,0.9,81.29
L'Ampolla,43906,465,234,407,149,153,77,34,47,5,1587,29.3,14.74,25.65,9.39,9.64,4.85,2.14,2.96,0.32,75.84
La Pobla de Segur,25171,643,325,367,103,58,28,65,20,9,1630,39.45,19.94,22.52,6.32,3.56,1.72,3.99,1.23,0.55,77.06
La Palma d'Ebre,43099,90,35,80,7,7,6,4,1,2,234,38.46,14.96,34.19,2.99,2.99,2.56,1.71,0.43,0.85,81.82
L'Armentera,17011,203,42,186,30,28,10,33,5,2,544,37.32,7.72,34.19,5.51,5.15,1.84,6.07,0.92,0.37,83.56
La Pobla de Cérvoles,25169,43,15,28,7,7,5,9,3,0,117,36.75,12.82,23.93,5.98,5.98,4.27,7.69,2.56,0,70.66
La Pobla de Lillet,8166,266,136,202,38,37,20,23,6,7,745,35.7,18.26,27.11,5.1,4.97,2.68,3.09,0.81,0.94,78.27
Les,25121,87,139,34,51,55,28,6,21,2,429,20.28,32.4,7.93,11.89,12.82,6.53,1.4,4.9,0.47,68.66
La Pobla de Massaluca,43110,69,40,36,16,10,5,4,2,1,184,37.5,21.74,19.57,8.7,5.43,2.72,2.17,1.09,0.54,73.31
La Pobla de Montornès,43111,382,321,117,230,224,71,13,74,32,1483,25.76,21.65,7.89,15.51,15.1,4.79,0.88,4.99,2.16,71.31
La Selva del Camp,43145,1109,688,620,300,290,103,125,106,37,3391,32.7,20.29,18.28,8.85,8.55,3.04,3.69,3.13,1.09,80.99
L'Argentera,43017,49,9,23,5,1,0,8,0,1,98,50,9.18,23.47,5.1,1.02,0,8.16,0,1.02,84.48
Llorac,43073,19,4,28,10,2,0,0,1,3,67,28.36,5.97,41.79,14.93,2.99,0,0,1.49,4.48,80.95
La Roca del Vallès,8181,1880,1276,829,933,712,251,169,203,126,6425,29.26,19.86,12.9,14.52,11.08,3.91,2.63,3.16,1.96,80.2
La Secuita,43144,336,158,138,112,109,34,50,51,22,1021,32.91,15.48,13.52,10.97,10.68,3.33,4.9,5,2.15,82.93
La Selva de Mar,17188,43,8,55,13,4,2,10,1,1,138,31.16,5.8,39.86,9.42,2.9,1.45,7.25,0.72,0.72,82.25
La Sénia,43044,772,756,208,387,332,270,60,181,24,3032,25.46,24.93,6.86,12.76,10.95,8.91,1.98,5.97,0.79,77.49
L'Espluga de Francolí,43054,986,268,433,132,104,60,69,40,17,2134,46.2,12.56,20.29,6.19,4.87,2.81,3.23,1.87,0.8,76.83
Margalef,43075,38,11,14,5,1,0,0,0,0,69,55.07,15.94,20.29,7.25,1.45,0,0,0,0,82.56
La Torre de Claramunt,8286,485,533,217,344,318,77,46,107,49,2199,22.06,24.24,9.87,15.64,14.46,3.5,2.09,4.87,2.23,75.71
La Vall de Bianya,17208,272,66,264,60,30,11,43,6,8,768,35.42,8.59,34.38,7.81,3.91,1.43,5.6,0.78,1.04,79.1
La Vall de Boí,25043,294,62,124,67,17,9,20,5,5,606,48.51,10.23,20.46,11.06,2.81,1.49,3.3,0.83,0.83,76.53
La Vall d'en Bas,17207,796,107,748,119,55,40,64,14,15,1992,39.96,5.37,37.55,5.97,2.76,2.01,3.21,0.7,0.75,83.2
Les Franqueses del Vallès,8086,2538,2589,1009,1715,1447,405,226,418,189,10678,23.77,24.25,9.45,16.06,13.55,3.79,2.12,3.91,1.77,76.67
La Vansa i Fórnols,25909,40,11,36,9,4,1,4,0,0,107,37.38,10.28,33.64,8.41,3.74,0.93,3.74,0,0,77.14
La Vilella Alta,43173,35,10,19,4,0,1,9,0,0,78,44.87,12.82,24.36,5.13,0,1.28,11.54,0,0,80.81
La Vilella Baixa,43174,62,8,23,12,7,0,11,1,1,127,48.82,6.3,18.11,9.45,5.51,0,8.66,0.79,0.79,88.89
Masarac,17100,46,15,70,4,6,1,8,2,1,154,29.87,9.74,45.45,2.6,3.9,0.65,5.19,1.3,0.65,80.51
Les Avellanes i Santa Linya,25037,108,27,92,9,10,14,16,4,1,284,38.03,9.51,32.39,3.17,3.52,4.93,5.63,1.41,0.35,78.14
Les Borges Blanques,25058,1311,360,907,190,170,98,130,54,23,3254,40.29,11.06,27.87,5.84,5.22,3.01,4,1.66,0.71,75.01
Les Borges del Camp,43031,402,153,336,86,72,28,39,36,15,1178,34.13,12.99,28.52,7.3,6.11,2.38,3.31,3.06,1.27,81.6
Les Llosses,17096,45,4,40,7,1,2,8,1,3,113,39.82,3.54,35.4,6.19,0.88,1.77,7.08,0.88,2.65,68.9
Manresa,8113,12198,7362,7391,4349,3180,1483,1614,1210,524,39623,30.79,18.58,18.65,10.98,8.03,3.74,4.07,3.05,1.32,75.75
Lloret de Mar,17095,2524,3738,1586,1947,2176,688,179,685,254,13916,18.14,26.86,11.4,13.99,15.64,4.94,1.29,4.92,1.83,70.2
Les Masies de Roda,8116,204,33,151,15,11,8,25,8,3,459,44.44,7.19,32.9,3.27,2.4,1.74,5.45,1.74,0.65,82.26
Les Masies de Voltregà,8117,731,270,527,141,118,65,110,50,14,2050,35.66,13.17,25.71,6.88,5.76,3.17,5.37,2.44,0.68,82.86
Meranges,17099,17,7,19,2,2,7,1,2,1,59,28.81,11.86,32.2,3.39,3.39,11.86,1.69,3.39,1.69,75.64
L'Espluga Calba,25081,86,35,59,12,3,7,8,3,5,220,39.09,15.91,26.82,5.45,1.36,3.18,3.64,1.36,2.27,77
L'Espunyola,8078,68,10,55,14,3,2,13,5,1,172,39.53,5.81,31.98,8.14,1.74,1.16,7.56,2.91,0.58,80.37
Llanars,17091,126,16,121,9,15,4,10,1,1,305,41.31,5.25,39.67,2.95,4.92,1.31,3.28,0.33,0.33,77.89
L'Hospitalet de Llobregat,8101,17626,46662,4495,23571,17978,8627,1722,5125,2103,129326,13.63,36.08,3.48,18.23,13.9,6.67,1.33,3.96,1.63,74.35
Parets del Vallès,8159,2678,2940,806,2233,1418,454,194,353,184,11359,23.58,25.88,7.1,19.66,12.48,4,1.71,3.11,1.62,79.59
Les Valls d'Aguilar,25906,67,32,37,8,5,3,0,1,1,155,43.23,20.65,23.87,5.16,3.23,1.94,0,0.65,0.65,74.76
Llagostera,17089,1319,704,1067,376,325,122,133,75,50,4194,31.45,16.79,25.44,8.97,7.75,2.91,3.17,1.79,1.19,73.94
Llavorsí,25126,108,39,42,16,9,5,9,0,3,232,46.55,16.81,18.1,6.9,3.88,2.16,3.88,0,1.29,82.04
Les Valls de Valira,25239,138,49,79,31,32,9,8,12,3,366,37.7,13.39,21.58,8.47,8.74,2.46,2.19,3.28,0.82,61.68
Lladurs,25124,36,7,37,11,6,9,5,1,2,114,31.58,6.14,32.46,9.65,5.26,7.89,4.39,0.88,1.75,72.61
Llançà,17092,900,531,441,262,212,84,60,71,42,2633,34.18,20.17,16.75,9.95,8.05,3.19,2.28,2.7,1.6,76.72
Lleida,25120,18204,14649,9460,7087,8435,4687,1600,2724,816,68361,26.63,21.43,13.84,10.37,12.34,6.86,2.34,3.98,1.19,74.12
Llers,17093,310,60,145,66,59,20,26,18,6,715,43.36,8.39,20.28,9.23,8.25,2.8,3.64,2.52,0.84,77.66
Lles de Cerdanya,25127,83,16,42,14,0,1,15,0,1,172,48.26,9.3,24.42,8.14,0,0.58,8.72,0,0.58,80.37
Lliçà d'Amunt,8107,2040,2211,533,1828,1373,417,130,380,206,9203,22.17,24.02,5.79,19.86,14.92,4.53,1.41,4.13,2.24,77.76
Lliçà de Vall,8108,922,944,422,717,622,239,46,139,72,4189,22.01,22.54,10.07,17.12,14.85,5.71,1.1,3.32,1.72,80.97
Maià de Montcal,17098,86,35,62,15,17,5,15,5,2,245,35.1,14.29,25.31,6.12,6.94,2.04,6.12,2.04,0.82,80.86
Llimiana,25128,33,14,17,10,4,1,5,1,2,87,37.93,16.09,19.54,11.49,4.6,1.15,5.75,1.15,2.3,68.5
Llinars del Vallès,8106,1831,1119,637,825,621,257,197,156,102,5796,31.59,19.31,10.99,14.23,10.71,4.43,3.4,2.69,1.76,77.88
Lluçà,8109,93,5,46,5,3,6,23,0,2,183,50.82,2.73,25.14,2.73,1.64,3.28,12.57,0,1.09,88.46
Maçanet de Cabrenys,17102,205,46,107,21,15,12,19,5,2,435,47.13,10.57,24.6,4.83,3.45,2.76,4.37,1.15,0.46,80.11
Maçanet de la Selva,17103,822,767,485,567,400,114,96,176,75,3543,23.2,21.65,13.69,16,11.29,3.22,2.71,4.97,2.12,70.32
Montferri,43089,50,47,30,33,20,6,9,7,6,208,24.04,22.6,14.42,15.87,9.62,2.88,4.33,3.37,2.88,74.38
Manlleu,8112,3250,1668,2089,858,742,282,399,266,98,9783,33.22,17.05,21.35,8.77,7.58,2.88,4.08,2.72,1,76.07
Monistrol de Montserrat,8127,525,375,216,200,133,59,55,69,30,1683,31.19,22.28,12.83,11.88,7.9,3.51,3.27,4.1,1.78,75.63
Marganell,8242,62,17,49,13,7,10,12,4,5,180,34.44,9.44,27.22,7.22,3.89,5.56,6.67,2.22,2.78,81.08
Martorell,8114,2994,4165,1018,2533,1707,657,196,519,234,14172,21.13,29.39,7.18,17.87,12.04,4.64,1.38,3.66,1.65,76.45
Mas de Barberans,43077,95,127,20,24,33,25,0,13,0,339,28.02,37.46,5.9,7.08,9.73,7.37,0,3.83,0,75.16
Masdenverge,43078,203,124,149,50,47,25,13,27,2,644,31.52,19.25,23.14,7.76,7.3,3.88,2.02,4.19,0.31,77.46
Montbrió del Camp,43088,624,183,264,166,128,52,38,66,29,1562,39.95,11.72,16.9,10.63,8.19,3.33,2.43,4.23,1.86,77.25
Masllorenç,43079,118,41,71,34,17,5,4,11,3,305,38.69,13.44,23.28,11.15,5.57,1.64,1.31,3.61,0.98,85.96
Masquefa,8119,1232,1229,385,1062,711,196,90,239,122,5326,23.13,23.08,7.23,19.94,13.35,3.68,1.69,4.49,2.29,78.27
Massoteres,25132,43,11,37,12,3,5,0,4,2,118,36.44,9.32,31.36,10.17,2.54,4.24,0,3.39,1.69,82.52
Matadepera,8120,1743,467,2028,324,474,298,192,213,81,5881,29.64,7.94,34.48,5.51,8.06,5.07,3.26,3.62,1.38,83.6
Navata,17111,274,71,218,67,54,14,44,16,9,771,35.54,9.21,28.27,8.69,7,1.82,5.71,2.08,1.17,80.58
Mediona,8122,442,215,161,176,88,31,65,38,24,1254,35.25,17.15,12.84,14.04,7.02,2.47,5.18,3.03,1.91,73.43
Menàrguens,25134,216,60,137,25,16,15,8,9,2,490,44.08,12.24,27.96,5.1,3.27,3.06,1.63,1.84,0.41,81.59
Santa Cecília de Voltregà,8243,66,5,54,5,1,2,4,0,0,139,47.48,3.6,38.85,3.6,0.72,1.44,2.88,0,0,89.1
Mieres,17105,63,14,47,34,7,3,18,4,3,194,32.47,7.22,24.23,17.53,3.61,1.55,9.28,2.06,1.55,78.54
Miravet,43084,227,67,61,25,15,7,12,2,4,423,53.66,15.84,14.42,5.91,3.55,1.65,2.84,0.47,0.95,81.38
Pardines,17125,38,3,36,5,1,3,10,0,0,97,39.18,3.09,37.11,5.15,1.03,3.09,10.31,0,0,74.81
Molló,17107,95,14,77,11,7,6,5,1,1,219,43.38,6.39,35.16,5.02,3.2,2.74,2.28,0.46,0.46,82.16
Moià,8138,1386,456,617,362,181,71,220,61,38,3413,40.61,13.36,18.08,10.61,5.3,2.08,6.45,1.79,1.11,77.5
Monistrol de Calders,8128,175,48,102,42,14,8,41,12,8,451,38.8,10.64,22.62,9.31,3.1,1.77,9.09,2.66,1.77,78.68
Montmeló,8135,846,1724,322,1124,667,318,113,166,109,5441,15.55,31.69,5.92,20.66,12.26,5.84,2.08,3.05,2,81.13
Montagut i Oix,17109,223,33,179,37,7,4,49,9,8,553,40.33,5.97,32.37,6.69,1.27,0.72,8.86,1.63,1.45,79.94
Pira,43107,146,33,34,52,24,2,9,1,6,308,47.4,10.71,11.04,16.88,7.79,0.65,2.92,0.32,1.95,80.42
Montblanc,43086,1616,654,824,333,240,91,124,74,36,4021,40.19,16.26,20.49,8.28,5.97,2.26,3.08,1.84,0.9,76.88
Montcada i Reixac,8125,3573,5809,874,4358,2494,873,259,821,393,19649,18.18,29.56,4.45,22.18,12.69,4.44,1.32,4.18,2,77.46
Pontons,8168,70,28,66,37,15,41,13,10,5,287,24.39,9.76,23,12.89,5.23,14.29,4.53,3.48,1.74,72.84
Montclar,8130,44,3,24,2,1,0,5,4,0,86,51.16,3.49,27.91,2.33,1.16,0,5.81,4.65,0,82.41
Pallejà,8157,1562,1804,450,1312,931,300,107,261,116,6918,22.58,26.08,6.5,18.97,13.46,4.34,1.55,3.77,1.68,81.3
Montellà i Martinet,25139,192,40,83,34,18,5,8,1,2,388,49.48,10.31,21.39,8.76,4.64,1.29,2.06,0.26,0.52,79.43
Montferrer i Castellbò,25140,222,73,137,66,27,13,16,10,1,571,38.88,12.78,23.99,11.56,4.73,2.28,2.8,1.75,0.18,74.13
Montgai,25138,210,54,102,8,24,21,12,1,3,436,48.17,12.39,23.39,1.83,5.5,4.82,2.75,0.23,0.69,80.44
Móra d'Ebre,43093,1022,564,519,290,204,108,87,67,34,2933,34.84,19.23,17.7,9.89,6.96,3.68,2.97,2.28,1.16,76.09
Perafort,43103,199,136,67,100,128,28,5,40,26,740,26.89,18.38,9.05,13.51,17.3,3.78,0.68,5.41,3.51,82.43
Pedret i Marzà,17129,49,11,28,3,10,9,3,5,1,120,40.83,9.17,23.33,2.5,8.33,7.5,2.5,4.17,0.83,83.33
Montmajor,8132,87,34,108,11,7,9,17,0,3,281,30.96,12.1,38.43,3.91,2.49,3.2,6.05,0,1.07,77.84
Mont-ras,17110,266,247,205,99,111,50,22,32,16,1054,25.24,23.43,19.45,9.39,10.53,4.74,2.09,3.04,1.52,80.06
Mont-roig del Camp,43092,1078,1110,634,597,904,294,56,343,107,5174,20.83,21.45,12.25,11.54,17.47,5.68,1.08,6.63,2.07,71.86
Montseny,8137,90,24,76,16,5,7,5,3,3,229,39.3,10.48,33.19,6.99,2.18,3.06,2.18,1.31,1.31,84.67
Muntanyola,8129,184,22,96,37,19,4,20,9,10,405,45.43,5.43,23.7,9.14,4.69,0.99,4.94,2.22,2.47,83.88
Organyà,25155,192,61,142,30,19,16,16,9,1,489,39.26,12.47,29.04,6.13,3.89,3.27,3.27,1.84,0.2,79.77
Mura,8139,60,18,38,18,2,1,15,1,2,156,38.46,11.54,24.36,11.54,1.28,0.64,9.62,0.64,1.28,88.14
Navàs,8141,1357,591,732,252,224,105,196,78,25,3595,37.75,16.44,20.36,7.01,6.23,2.92,5.45,2.17,0.7,78.96
Orpí,8152,40,5,32,7,0,2,6,1,0,94,42.55,5.32,34.04,7.45,0,2.13,6.38,1.06,0,81.03
Òdena,8143,609,515,271,250,227,72,43,47,44,2099,29.01,24.54,12.91,11.91,10.81,3.43,2.05,2.24,2.1,77.64
Oliana,25149,384,177,352,53,58,44,13,6,8,1102,34.85,16.06,31.94,4.81,5.26,3.99,1.18,0.54,0.73,80.41
Naut Aran,25025,145,267,111,127,164,80,17,43,19,983,14.75,27.16,11.29,12.92,16.68,8.14,1.73,4.37,1.93,72.28
Viladasens,17216,44,7,44,5,4,1,14,3,2,124,35.48,5.65,35.48,4.03,3.23,0.81,11.29,2.42,1.61,81.94
Olvan,8144,245,65,128,37,20,28,29,1,3,563,43.52,11.55,22.74,6.57,3.55,4.97,5.15,0.18,0.53,79.24
Navès,25146,47,10,67,8,14,7,10,2,2,170,27.65,5.88,39.41,4.71,8.24,4.12,5.88,1.18,1.18,77.83
Parlavà,17126,128,20,96,17,3,2,9,3,0,279,45.88,7.17,34.41,6.09,1.08,0.72,3.23,1.08,0,87.74
Olèrdola,8145,698,390,381,252,205,42,75,52,34,2144,32.56,18.19,17.77,11.75,9.56,1.96,3.5,2.43,1.59,79.82
Olesa de Montserrat,8147,3421,3104,1155,2491,1668,455,384,473,252,13560,25.23,22.89,8.52,18.37,12.3,3.36,2.83,3.49,1.86,78.95
Vilada,8299,150,25,78,24,6,3,25,5,0,317,47.32,7.89,24.61,7.57,1.89,0.95,7.89,1.58,0,84.35
Oliola,25150,42,5,59,5,5,9,2,5,1,133,31.58,3.76,44.36,3.76,3.76,6.77,1.5,3.76,0.75,82.42
Olius,25151,209,50,189,35,40,15,23,13,9,584,35.79,8.56,32.36,5.99,6.85,2.57,3.94,2.23,1.54,80.43
Pacs del Penedès,8154,196,87,107,73,47,11,29,17,11,586,33.45,14.85,18.26,12.46,8.02,1.88,4.95,2.9,1.88,83.74
Osor,17116,122,19,81,17,8,2,27,3,2,282,43.26,6.74,28.72,6.03,2.84,0.71,9.57,1.06,0.71,79.94
Paüls,43102,183,95,52,24,7,6,2,7,1,379,48.28,25.07,13.72,6.33,1.85,1.58,0.53,1.85,0.26,82.94
Os de Balaguer,25156,251,74,154,45,38,22,3,8,3,605,41.49,12.23,25.45,7.44,6.28,3.64,0.5,1.32,0.5,77.55
Palau de Santa Eulàlia,17119,19,9,10,6,2,1,8,1,0,58,32.76,15.52,17.24,10.34,3.45,1.72,13.79,1.72,0,79.45
Ponts,25172,570,153,395,73,71,74,33,18,8,1405,40.57,10.89,28.11,5.2,5.05,5.27,2.35,1.28,0.57,79.09
Palau-solità i Plegamans,8156,2225,1861,963,1578,1161,354,175,356,160,8923,24.94,20.86,10.79,17.68,13.01,3.97,1.96,3.99,1.79,80.29
Palau-sator,17121,65,16,73,7,6,1,11,3,0,184,35.33,8.7,39.67,3.8,3.26,0.54,5.98,1.63,0,80.35
Palafrugell,17117,2880,2403,1729,1115,1150,360,254,354,176,10504,27.42,22.88,16.46,10.62,10.95,3.43,2.42,3.37,1.68,73.01
Palamós,17118,2852,1895,1724,912,1018,288,253,295,146,9460,30.15,20.03,18.22,9.64,10.76,3.04,2.67,3.12,1.54,73.71
Palol de Revardit,17123,87,16,145,18,12,3,12,5,1,303,28.71,5.28,47.85,5.94,3.96,0.99,3.96,1.65,0.33,88.12
Pals,17124,431,227,333,85,69,26,53,6,14,1254,34.37,18.1,26.56,6.78,5.5,2.07,4.23,0.48,1.12,78.63
Sanaüja,25191,95,25,70,8,12,17,12,1,1,244,38.93,10.25,28.69,3.28,4.92,6.97,4.92,0.41,0.41,77.26
Perafita,8160,90,20,83,22,7,2,18,2,1,247,36.44,8.1,33.6,8.91,2.83,0.81,7.29,0.81,0.4,79.75
Passanant i Belltall,43101,45,15,34,7,4,2,12,2,0,122,36.89,12.3,27.87,5.74,3.28,1.64,9.84,1.64,0,84.14
Pont de Molins,17135,131,31,42,27,44,8,9,11,3,307,42.67,10.1,13.68,8.79,14.33,2.61,2.93,3.58,0.98,78.23
Penelles,25164,99,21,100,9,8,12,1,4,2,261,37.93,8.05,38.31,3.45,3.07,4.6,0.38,1.53,0.77,73.95
Portbou,17138,193,180,68,70,53,32,12,21,9,646,29.88,27.86,10.53,10.84,8.2,4.95,1.86,3.25,1.39,76.92
Peralada,17132,381,130,298,74,78,22,49,30,9,1080,35.28,12.04,27.59,6.85,7.22,2.04,4.54,2.78,0.83,81.62
Peramola,25165,88,19,70,9,13,5,12,1,0,219,40.18,8.68,31.96,4.11,5.94,2.28,5.48,0.46,0,80.07
Poboleda,43112,96,20,45,6,8,1,24,2,0,204,47.06,9.8,22.06,2.94,3.92,0.49,11.76,0.98,0,81.6
Tiurana,25222,13,5,26,0,6,4,2,1,0,57,22.81,8.77,45.61,0,10.53,7.02,3.51,1.75,0,86.36
Porqueres,17137,1260,271,863,174,87,55,126,33,24,2912,43.27,9.31,29.64,5.98,2.99,1.89,4.33,1.13,0.82,84.37
Piera,8161,2076,2006,708,1490,992,361,180,393,178,8470,24.51,23.68,8.36,17.59,11.71,4.26,2.13,4.64,2.1,73.29
Puigpelat,43119,199,112,91,67,77,16,22,17,17,628,31.69,17.83,14.49,10.67,12.26,2.55,3.5,2.71,2.71,75.18
Pinell de Solsonès,25166,61,3,42,3,7,16,2,1,0,136,44.85,2.21,30.88,2.21,5.15,11.76,1.47,0.74,0,79.65
Pinós,25167,47,9,63,23,7,14,15,3,2,185,25.41,4.86,34.05,12.43,3.78,7.57,8.11,1.62,1.08,81.86
Pontils,43141,28,19,23,2,6,4,1,3,0,86,32.56,22.09,26.74,2.33,6.98,4.65,1.16,3.49,0,81.9
Porrera,43114,153,31,65,34,4,5,12,0,0,305,50.16,10.16,21.31,11.15,1.31,1.64,3.93,0,0,81.6
Riudarenes,17148,272,194,308,121,130,24,42,35,19,1153,23.59,16.83,26.71,10.49,11.27,2.08,3.64,3.04,1.65,76.09
Riudecols,43128,273,172,112,77,40,12,18,26,12,747,36.55,23.03,14.99,10.31,5.35,1.61,2.41,3.48,1.61,82.98
Pradell de la Teixeta,43115,46,10,36,4,2,3,8,0,1,111,41.44,9.01,32.43,3.6,1.8,2.7,7.21,0,0.9,87.5
Prades,43116,171,49,92,28,14,2,14,2,4,379,45.12,12.93,24.27,7.39,3.69,0.53,3.69,0.53,1.06,82.29
Prat de Comte,43117,36,14,36,6,8,12,0,0,0,113,31.86,12.39,31.86,5.31,7.08,10.62,0,0,0,79.72
Prats de Lluçanès,8171,604,134,549,80,70,31,95,17,8,1597,37.82,8.39,34.38,5.01,4.38,1.94,5.95,1.06,0.5,77.78
Preixana,25176,103,11,87,12,14,20,6,4,1,259,39.77,4.25,33.59,4.63,5.41,7.72,2.32,1.54,0.39,85.34
Preixens,25177,120,26,58,16,15,14,11,7,0,268,44.78,9.7,21.64,5.97,5.6,5.22,4.1,2.61,0,75.42
Terrades,17196,80,19,37,21,16,9,3,4,7,198,40.4,9.6,18.69,10.61,8.08,4.55,1.52,2.02,3.54,81.82
Premià de Mar,8172,4283,3376,1609,2821,1906,610,569,551,260,16144,26.53,20.91,9.97,17.47,11.81,3.78,3.52,3.41,1.61,79.33
Puigcerdà,17141,1177,785,699,411,535,206,109,182,78,4221,27.88,18.6,16.56,9.74,12.67,4.88,2.58,4.31,1.85,70.01
Puigdàlber,8174,136,29,79,22,16,5,11,21,7,330,41.21,8.79,23.94,6.67,4.85,1.52,3.33,6.36,2.12,84.18
Puiggròs,25180,68,18,69,7,5,3,1,1,1,174,39.08,10.34,39.66,4.02,2.87,1.72,0.57,0.57,0.57,77.19
Puig-reig,8175,1066,308,559,141,123,109,103,42,24,2495,42.73,12.34,22.4,5.65,4.93,4.37,4.13,1.68,0.96,74.38
Puigverd d'Agramunt,25181,40,8,52,8,6,12,5,2,2,135,29.63,5.93,38.52,5.93,4.44,8.89,3.7,1.48,1.48,77.71
Sant Jaume d'Enveja,43902,617,643,196,229,123,71,15,58,4,1980,31.16,32.47,9.9,11.57,6.21,3.59,0.76,2.93,0.2,72.77
Pujalt,8176,44,4,46,5,4,14,7,5,0,131,33.59,3.05,35.11,3.82,3.05,10.69,5.34,3.82,0,81.99
Queralbs,17043,52,13,40,9,5,0,7,4,3,134,38.81,9.7,29.85,6.72,3.73,0,5.22,2.99,2.24,80.84
Riudoms,43129,1180,479,854,245,345,121,59,141,44,3495,33.76,13.71,24.43,7.01,9.87,3.46,1.69,4.03,1.26,76.51
Querol,43120,76,60,33,35,34,17,5,30,3,297,25.59,20.2,11.11,11.78,11.45,5.72,1.68,10.1,1.01,71.73
Rajadell,8178,141,40,93,39,21,11,20,10,6,388,36.34,10.31,23.97,10.05,5.41,2.84,5.15,2.58,1.55,86.25
Rasquera,43121,237,48,109,25,13,3,23,3,0,462,51.3,10.39,23.59,5.41,2.81,0.65,4.98,0.65,0,78.34
Roda de Ter,8183,1399,441,937,292,187,54,162,72,45,3613,38.72,12.21,25.93,8.08,5.18,1.49,4.48,1.99,1.25,79.51
Rellinars,8179,163,93,60,97,28,13,9,14,12,493,33.06,18.86,12.17,19.68,5.68,2.64,1.83,2.84,2.43,81.18
Renau,43122,40,18,11,19,4,1,2,1,1,97,41.24,18.56,11.34,19.59,4.12,1.03,2.06,1.03,1.03,88.29
Reus,43123,12854,12060,6038,6176,7644,2971,1103,2997,983,53353,24.09,22.6,11.32,11.58,14.33,5.57,2.07,5.62,1.84,75.5
Rialp,25183,154,50,111,39,13,10,20,6,6,416,37.02,12.02,26.68,9.38,3.13,2.4,4.81,1.44,1.44,78.32
Serinyà,17190,284,52,196,63,17,14,40,4,7,677,41.95,7.68,28.95,9.31,2.51,2.07,5.91,0.59,1.03,81.26
Riba-roja d'Ebre,43125,249,179,60,80,36,42,22,10,5,698,35.67,25.64,8.6,11.46,5.16,6.02,3.15,1.43,0.72,78.65
Ribera d'Ondara,25905,112,31,81,21,17,19,11,7,5,307,36.48,10.1,26.38,6.84,5.54,6.19,3.58,2.28,1.63,83.47
Ribera d'Urgellet,25185,202,68,116,35,30,12,12,5,4,491,41.14,13.85,23.63,7.13,6.11,2.44,2.44,1.02,0.81,72.61
Sidamon,25205,162,69,108,31,21,24,7,9,7,447,36.24,15.44,24.16,6.94,4.7,5.37,1.57,2.01,1.57,80.25
Riells i Viabrea,17146,742,457,318,364,192,74,85,67,58,2381,31.16,19.19,13.36,15.29,8.06,3.11,3.57,2.81,2.44,76.88
Riner,25186,55,9,64,8,6,8,14,2,0,173,31.79,5.2,36.99,4.62,3.47,4.62,8.09,1.16,0,84.06
Ripoll,17147,1983,1147,1482,457,423,177,191,124,73,6129,32.35,18.71,24.18,7.46,6.9,2.89,3.12,2.02,1.19,77.45
Riudaura,17149,106,13,119,26,3,2,38,3,4,314,33.76,4.14,37.9,8.28,0.96,0.64,12.1,0.96,1.27,86.26
Rocafort de Queralt,43130,69,18,30,2,6,8,11,1,0,145,47.59,12.41,20.69,1.38,4.14,5.52,7.59,0.69,0,81.92
Rodonyà,43132,128,21,69,33,18,5,9,4,2,291,43.99,7.22,23.71,11.34,6.19,1.72,3.09,1.37,0.69,80.44
Sant Pere Sallavinera,8189,47,4,43,3,3,2,3,1,0,106,44.34,3.77,40.57,2.83,2.83,1.89,2.83,0.94,0,86.89
Sant Martí de Centelles,8224,260,96,117,98,48,11,32,19,12,695,37.41,13.81,16.83,14.1,6.91,1.58,4.6,2.73,1.73,79.38
Roquetes,43133,1469,835,500,528,326,191,76,166,44,4168,35.24,20.03,12,12.67,7.82,4.58,1.82,3.98,1.06,74.97
Santa Bàrbara,43138,602,347,255,227,170,132,29,105,15,1896,31.75,18.3,13.45,11.97,8.97,6.96,1.53,5.54,0.79,72.73
Roses,17152,1641,1657,1053,743,1333,422,93,459,132,7624,21.52,21.73,13.81,9.75,17.48,5.54,1.22,6.02,1.73,69.56
Salomó,43135,106,25,84,24,18,4,11,2,2,280,37.86,8.93,30,8.57,6.43,1.43,3.93,0.71,0.71,82.99
Rubí,8184,7535,11730,2047,8328,5988,1921,714,1903,880,41447,18.18,28.3,4.94,20.09,14.45,4.63,1.72,4.59,2.12,75.92
Sudanell,25211,263,61,102,21,23,19,10,3,1,512,51.37,11.91,19.92,4.1,4.49,3.71,1.95,0.59,0.2,76.34
Rupit i Pruit,8901,90,6,74,12,6,4,7,0,1,201,44.78,2.99,36.82,5.97,2.99,1.99,3.48,0,0.5,84.58
Saldes,8190,99,32,41,13,11,4,11,1,2,215,46.05,14.88,19.07,6.05,5.12,1.86,5.12,0.47,0.93,83.72
Salou,43905,1663,2445,795,1317,2033,832,97,934,238,10446,15.92,23.41,7.61,12.61,19.46,7.96,0.93,8.94,2.28,70.34
Vilallonga de Ter,17224,80,25,90,9,5,7,8,2,1,231,34.63,10.82,38.96,3.9,2.16,3.03,3.46,0.87,0.43,77.15
Sabadell,8187,26075,32174,11077,20661,14544,4820,3329,4484,2098,120419,21.65,26.72,9.2,17.16,12.08,4,2.76,3.72,1.74,78.9
Sales de Llierca,17154,29,11,8,21,3,0,8,0,1,83,34.94,13.25,9.64,25.3,3.61,0,9.64,0,1.2,84.85
Sant Julià de Cerdanyola,8903,78,7,64,10,4,2,11,0,0,176,44.32,3.98,36.36,5.68,2.27,1.14,6.25,0,0,89.85
Sallent,8191,1306,936,658,511,260,135,172,96,51,4162,31.38,22.49,15.81,12.28,6.25,3.24,4.13,2.31,1.23,79.24
Sant Martí d'Albars,8225,31,0,40,4,0,1,4,0,0,81,38.27,0,49.38,4.94,0,1.23,4.94,0,0,86.17
Sant Pol de Mar,8235,1160,361,782,301,199,76,187,41,35,3167,36.63,11.4,24.69,9.5,6.28,2.4,5.9,1.29,1.11,82.95
Santa Cristina d'Aro,17181,797,439,501,302,299,92,67,82,49,2648,30.1,16.58,18.92,11.4,11.29,3.47,2.53,3.1,1.85,76.84
Senan,43146,13,3,11,2,0,1,5,0,0,35,37.14,8.57,31.43,5.71,0,2.86,14.29,0,0,85.37
Santa Coloma de Farners,17180,2029,884,1849,556,404,137,274,156,99,6431,31.55,13.75,28.75,8.65,6.28,2.13,4.26,2.43,1.54,76.02
Santa Coloma de Queralt,43139,611,171,438,84,83,33,57,31,16,1539,39.7,11.11,28.46,5.46,5.39,2.14,3.7,2.01,1.04,77.64
Sant Adrià de Besòs,8194,2593,5619,540,3251,2658,1033,237,920,348,17585,14.75,31.95,3.07,18.49,15.12,5.87,1.35,5.23,1.98,68.86
Santa Eugènia de Berga,8246,641,76,422,76,49,18,88,15,12,1406,45.59,5.41,30.01,5.41,3.49,1.28,6.26,1.07,0.85,84.45
Sant Agustí de Lluçanès,8195,17,8,35,5,1,1,1,1,0,69,24.64,11.59,50.72,7.25,1.45,1.45,1.45,1.45,0,90.79
Santa Eulàlia de Riuprimer,8247,360,55,252,41,27,11,63,12,3,828,43.48,6.64,30.43,4.95,3.26,1.33,7.61,1.45,0.36,84.9
Sant Boi de Lluçanès,8201,137,26,104,21,7,8,6,1,5,324,42.28,8.02,32.1,6.48,2.16,2.47,1.85,0.31,1.54,73.15
Santa Eulàlia de Ronçana,8248,1403,716,588,719,481,137,106,108,63,4365,32.14,16.4,13.47,16.47,11.02,3.14,2.43,2.47,1.44,77.96
Santa Margarida de Montbui,8250,901,1798,247,921,865,225,71,254,74,5421,16.62,33.17,4.56,16.99,15.96,4.15,1.31,4.69,1.37,76.04
Santa Margarida i els Monjos,8251,1027,1050,353,547,496,166,58,133,76,3940,26.07,26.65,8.96,13.88,12.59,4.21,1.47,3.38,1.93,77.47
Santa Maria de Besora,8253,56,1,41,7,1,0,7,0,0,113,49.56,0.88,36.28,6.19,0.88,0,6.19,0,0,88.28
Santa Maria de Martorelles,8256,195,71,79,125,41,12,0,16,13,568,34.33,12.5,13.91,22.01,7.22,2.11,0,2.82,2.29,82.63
"Saus, Camallera i Llampaies",17187,189,63,137,57,27,12,35,1,4,529,35.73,11.91,25.9,10.78,5.1,2.27,6.62,0.19,0.76,84.8
Santa Maria de Merlès,8255,31,8,47,4,1,0,13,0,0,105,29.52,7.62,44.76,3.81,0.95,0,12.38,0,0,76.64
Santa Maria de Miralles,8257,22,9,34,8,2,1,6,3,0,86,25.58,10.47,39.53,9.3,2.33,1.16,6.98,3.49,0,83.5
Santa Maria de Palautordera,8259,1796,978,1098,668,366,160,251,141,88,5612,32,17.43,19.57,11.9,6.52,2.85,4.47,2.51,1.57,81.65
Sant Climent de Llobregat,8204,714,581,287,444,260,56,39,77,40,2534,28.18,22.93,11.33,17.52,10.26,2.21,1.54,3.04,1.58,81.8
Santa Maria d'Oló,8258,343,35,165,26,7,10,58,4,2,657,52.21,5.33,25.11,3.96,1.07,1.52,8.83,0.61,0.3,81.3
Sant Andreu de Llavaneres,8197,1900,946,1000,621,791,360,138,268,110,6174,30.77,15.32,16.2,10.06,12.81,5.83,2.24,4.34,1.78,78.48
Sant Climent Sescebes,17158,102,43,52,17,37,16,11,49,6,336,30.36,12.8,15.48,5.06,11.01,4.76,3.27,14.58,1.79,72.01
Sant Feliu de Llobregat,8211,5304,7914,1689,5180,3958,1351,494,1000,444,27561,19.24,28.71,6.13,18.79,14.36,4.9,1.79,3.63,1.61,82.11
Sant Aniol de Finestres,17183,71,18,82,9,7,8,14,1,3,216,32.87,8.33,37.96,4.17,3.24,3.7,6.48,0.46,1.39,84.71
Ullastrell,8290,482,168,272,149,81,29,49,20,21,1284,37.54,13.08,21.18,11.6,6.31,2.26,3.82,1.56,1.64,84.03
Vallfogona de Riucorb,43159,20,6,29,1,2,0,4,0,0,62,32.26,9.68,46.77,1.61,3.23,0,6.45,0,0,77.78
Santa Pau,17184,434,91,357,62,34,14,36,15,8,1060,40.94,8.58,33.68,5.85,3.21,1.32,3.4,1.42,0.75,84.49
Santa Susanna,8261,514,339,200,229,260,67,71,89,27,1815,28.32,18.68,11.02,12.62,14.33,3.69,3.91,4.9,1.49,76.58
Sant Bartomeu del Grau,8199,198,84,141,34,26,21,21,8,5,542,36.53,15.5,26.01,6.27,4.8,3.87,3.87,1.48,0.92,83.26
Sant Guim de la Plana,25197,55,5,25,1,6,1,13,1,0,108,50.93,4.63,23.15,0.93,5.56,0.93,12.04,0.93,0,77.3
Sant Carles de la Ràpita,43136,3318,1378,935,918,473,266,194,162,44,7749,42.82,17.78,12.07,11.85,6.1,3.43,2.5,2.09,0.57,74.44
Sant Cebrià de Vallalta,8203,617,283,285,254,151,68,90,65,48,1873,32.94,15.11,15.22,13.56,8.06,3.63,4.81,3.47,2.56,76.21
Sant Esteve Sesrovires,8208,1223,1020,356,849,589,184,112,174,100,4643,26.34,21.97,7.67,18.29,12.69,3.96,2.41,3.75,2.15,80.9
Ullastret,17205,64,17,77,12,3,0,9,1,0,184,34.78,9.24,41.85,6.52,1.63,0,4.89,0.54,0,87.2
Sant Feliu de Guíxols,17160,2774,2559,1881,1406,1048,364,183,297,172,10765,25.77,23.77,17.47,13.06,9.74,3.38,1.7,2.76,1.6,73.52
Sant Julià de Vilatorta,8220,924,101,776,77,34,23,131,24,5,2115,43.69,4.78,36.69,3.64,1.61,1.09,6.19,1.13,0.24,87.89
Sant Cugat del Vallès,8205,13772,8550,8615,6438,6220,2546,1847,2127,715,51488,26.75,16.61,16.73,12.5,12.08,4.94,3.59,4.13,1.39,84.24
Sant Guim de Freixenet,25192,217,61,125,50,34,22,23,16,4,558,38.89,10.93,22.4,8.96,6.09,3.94,4.12,2.87,0.72,77.9
Sant Feliu de Buixalleu,17159,181,44,132,50,20,11,23,13,8,483,37.47,9.11,27.33,10.35,4.14,2.28,4.76,2.69,1.66,77.8
Sant Esteve de la Sarga,25196,27,14,28,12,1,5,5,1,0,93,29.03,15.05,30.11,12.9,1.08,5.38,5.38,1.08,0,83.93
Sant Esteve de Palautordera,8207,725,123,459,126,49,24,170,28,13,1731,41.88,7.11,26.52,7.28,2.83,1.39,9.82,1.62,0.75,86.35
Sant Feliu de Codines,8210,1209,509,635,437,218,93,158,82,64,3435,35.2,14.82,18.49,12.72,6.35,2.71,4.6,2.39,1.86,75.37
Sant Feliu de Pallerols,17161,353,59,253,74,23,14,60,5,10,855,41.29,6.9,29.59,8.65,2.69,1.64,7.02,0.58,1.17,84.38
Sant Feliu Sasserra,8212,169,26,147,12,13,9,21,3,1,402,42.04,6.47,36.57,2.99,3.23,2.24,5.22,0.75,0.25,82.69
Sant Hipòlit de Voltregà,8215,760,251,551,131,112,51,98,36,19,2034,37.36,12.34,27.09,6.44,5.51,2.51,4.82,1.77,0.93,78.95
Sant Ferriol,17162,25,5,36,27,3,2,8,3,1,111,22.52,4.5,32.43,24.32,2.7,1.8,7.21,2.7,0.9,73.08
Sant Fost de Campsentelles,8209,1317,1053,460,907,702,321,120,220,103,5244,25.11,20.08,8.77,17.3,13.39,6.12,2.29,4.2,1.96,76.41
Sant Gregori,17163,845,222,855,138,91,31,110,26,18,2351,35.94,9.44,36.37,5.87,3.87,1.32,4.68,1.11,0.77,83.5
Sant Joan les Fonts,17185,609,260,560,136,74,27,61,18,10,1768,34.45,14.71,31.67,7.69,4.19,1.53,3.45,1.02,0.57,78.11
Sant Jaume de Llierca,17165,180,64,171,35,12,16,22,3,4,512,35.16,12.5,33.4,6.84,2.34,3.13,4.3,0.59,0.78,81.39
Sant Jaume dels Domenys,43137,450,308,179,159,177,58,35,63,29,1499,30.02,20.55,11.94,10.61,11.81,3.87,2.33,4.2,1.93,79.53
Sant Joan de les Abadesses,17167,805,284,618,123,69,53,101,18,14,2102,38.3,13.51,29.4,5.85,3.28,2.52,4.8,0.86,0.67,81.33
Sant Just Desvern,8221,2733,2088,1558,1422,1235,582,348,345,135,10537,25.94,19.82,14.79,13.5,11.72,5.52,3.3,3.27,1.28,83.24
Sant Julià del Llor i Bonmatí,17903,257,89,223,32,61,10,28,11,6,721,35.64,12.34,30.93,4.44,8.46,1.39,3.88,1.53,0.83,81.66
Sant Julià de Ramis,17169,644,330,437,186,195,37,88,72,37,2042,31.54,16.16,21.4,9.11,9.55,1.81,4.31,3.53,1.81,81.98
Sant Llorenç de la Muga,17171,60,14,35,9,8,1,11,0,3,141,42.55,9.93,24.82,6.38,5.67,0.71,7.8,0,2.13,83.14
Sant Llorenç de Morunys,25193,238,55,205,16,18,16,45,3,2,606,39.27,9.08,33.83,2.64,2.97,2.64,7.43,0.5,0.33,80.05
Sant Llorenç d'Hortons,8222,553,198,219,218,105,53,58,39,17,1476,37.47,13.41,14.84,14.77,7.11,3.59,3.93,2.64,1.15,81.58
Sant Llorenç Savall,8223,544,169,275,175,85,45,54,45,24,1425,38.18,11.86,19.3,12.28,5.96,3.16,3.79,3.16,1.68,76.03
Sant Pere de Riudebitlles,8232,545,236,289,157,56,42,65,15,18,1434,38.01,16.46,20.15,10.95,3.91,2.93,4.53,1.05,1.26,80.85
Santpedor,8192,1701,702,926,459,301,95,215,115,39,4589,37.07,15.3,20.18,10,6.56,2.07,4.69,2.51,0.85,81.09
Sant Martí de Tous,8226,383,87,177,41,26,11,62,13,2,807,47.46,10.78,21.93,5.08,3.22,1.36,7.68,1.61,0.25,87.58
Sant Martí Sarroca,8227,685,296,374,199,128,54,69,28,30,1877,36.49,15.77,19.93,10.6,6.82,2.88,3.68,1.49,1.6,78.09
Sant Martí Vell,17173,50,14,40,11,5,6,21,3,2,156,32.05,8.97,25.64,7.05,3.21,3.85,13.46,1.92,1.28,85.71
Sant Pere de Ribes,8231,3281,4331,1193,2780,2184,595,432,637,324,15880,20.66,27.27,7.51,17.51,13.75,3.75,2.72,4.01,2.04,75.43
Sant Mateu de Bages,8229,184,35,137,24,10,13,19,3,2,433,42.49,8.08,31.64,5.54,2.31,3,4.39,0.69,0.46,83.49
Sant Miquel de Campmajor,17174,52,8,35,8,4,0,16,3,1,132,39.39,6.06,26.52,6.06,3.03,0,12.12,2.27,0.76,81.48
Sant Vicenç de Montalt,8264,1057,518,699,325,485,202,95,148,57,3613,29.26,14.34,19.35,9,13.42,5.59,2.63,4.1,1.58,79.89
Sant Pere de Torelló,8233,664,130,419,76,68,13,73,18,8,1478,44.93,8.8,28.35,5.14,4.6,0.88,4.94,1.22,0.54,80.4
Urús,17206,42,5,37,4,7,5,13,0,0,115,36.52,4.35,32.17,3.48,6.09,4.35,11.3,0,0,76.13
Sant Pere Pescador,17178,308,102,218,60,39,20,30,12,5,798,38.6,12.78,27.32,7.52,4.89,2.51,3.76,1.5,0.63,76.14
Sant Quirze del Vallès,8238,3747,2179,1734,1615,1430,501,394,440,207,12331,30.39,17.67,14.06,13.1,11.6,4.06,3.2,3.57,1.68,83.3
Sant Quirze Safaja,8239,127,35,85,44,45,8,15,13,3,378,33.6,9.26,22.49,11.64,11.9,2.12,3.97,3.44,0.79,82.61
Sant Ramon,25194,116,30,118,14,3,24,12,2,2,325,35.69,9.23,36.31,4.31,0.92,7.38,3.69,0.62,0.62,77.57
Sant Sadurní d'Anoia,8240,2540,1587,1223,1171,477,217,268,171,79,7776,32.66,20.41,15.73,15.06,6.13,2.79,3.45,2.2,1.02,82.59
Sant Sadurní d'Osormort,8241,16,7,16,4,5,2,5,1,0,56,28.57,12.5,28.57,7.14,8.93,3.57,8.93,1.79,0,81.16
Sant Salvador de Guardiola,8098,558,335,286,239,208,79,59,87,40,1912,29.18,17.52,14.96,12.5,10.88,4.13,3.09,4.55,2.09,79.54
Vallromanes,8296,520,209,271,171,143,59,49,55,24,1514,34.35,13.8,17.9,11.29,9.45,3.9,3.24,3.63,1.59,82.47
Sarrià de Ter,17186,897,624,529,320,341,86,142,85,49,3098,28.95,20.14,17.08,10.33,11.01,2.78,4.58,2.74,1.58,81.46
Tona,8283,1798,610,1198,373,294,100,239,92,68,4813,37.36,12.67,24.89,7.75,6.11,2.08,4.97,1.91,1.41,79.04
Sant Vicenç de Castellet,8262,1571,1148,592,696,470,143,132,176,81,5060,31.05,22.69,11.7,13.75,9.29,2.83,2.61,3.48,1.6,73.57
Sant Vicenç dels Horts,8263,3789,4497,445,2872,2439,717,173,807,331,16269,23.29,27.64,2.74,17.65,14.99,4.41,1.06,4.96,2.03,77.35
Sarral,43142,317,109,204,90,44,23,21,14,8,842,37.65,12.95,24.23,10.69,5.23,2.73,2.49,1.66,0.95,78.49
Sarroca de Bellera,25201,33,9,22,11,4,5,3,1,1,89,37.08,10.11,24.72,12.36,4.49,5.62,3.37,1.12,1.12,80.91
Sarroca de Lleida,25200,137,29,55,9,6,6,8,1,0,252,54.37,11.51,21.83,3.57,2.38,2.38,3.17,0.4,0,78.33
Savallà del Comtat,43143,13,5,20,4,1,0,1,0,0,44,29.55,11.36,45.45,9.09,2.27,0,2.27,0,0,88.24
Senterada,25202,31,11,13,9,0,1,5,0,5,75,41.33,14.67,17.33,12,0,1.33,6.67,0,6.67,69.44
Sentmenat,8267,1309,1267,563,943,522,176,165,254,119,5362,24.41,23.63,10.5,17.59,9.74,3.28,3.08,4.74,2.22,79.86
Seròs,25204,390,140,227,39,58,38,6,21,4,930,41.94,15.05,24.41,4.19,6.24,4.09,0.65,2.26,0.43,78.59
Sobremunt,8271,26,2,11,8,0,0,9,0,0,57,45.61,3.51,19.3,14.04,0,0,15.79,0,0,85.07
Setcases,17192,33,9,47,6,7,9,7,0,0,120,27.5,7.5,39.17,5,5.83,7.5,5.83,0,0,82.88
Seva,8269,1011,194,546,155,102,45,109,40,24,2250,44.93,8.62,24.27,6.89,4.53,2,4.84,1.78,1.07,83.26
Sils,17193,838,573,598,365,405,107,77,134,50,3179,26.36,18.02,18.81,11.48,12.74,3.37,2.42,4.22,1.57,74.26
Vilajuïga,17223,188,109,110,71,44,18,47,19,3,616,30.52,17.69,17.86,11.53,7.14,2.92,7.63,3.08,0.49,77.88
Sitges,8270,3714,3063,1719,1658,2044,826,350,613,297,14497,25.62,21.13,11.86,11.44,14.1,5.7,2.41,4.23,2.05,77.19
Solsona,25207,1886,657,1151,362,295,136,213,78,31,4867,38.75,13.5,23.65,7.44,6.06,2.79,4.38,1.6,0.64,76.19
Soriguera,25208,114,27,43,40,4,3,16,1,0,249,45.78,10.84,17.27,16.06,1.61,1.2,6.43,0.4,0,75.68
Sort,25209,435,170,290,101,69,37,37,13,10,1172,37.12,14.51,24.74,8.62,5.89,3.16,3.16,1.11,0.85,76.9
Tavèrnoles,8275,82,10,89,9,4,2,21,3,1,222,36.94,4.5,40.09,4.05,1.8,0.9,9.46,1.35,0.45,89.92
Subirats,8273,776,175,478,206,71,51,95,35,30,1934,40.12,9.05,24.72,10.65,3.67,2.64,4.91,1.81,1.55,82.62
Talamanca,8277,50,9,51,17,6,4,10,2,1,150,33.33,6,34,11.33,4,2.67,6.67,1.33,0.67,87.72
Torroella de Fluvià,17198,96,48,72,39,30,9,17,14,4,329,29.18,14.59,21.88,11.85,9.12,2.74,5.17,4.26,1.22,76.67
Talarn,25215,86,42,49,25,35,10,7,38,2,299,28.76,14.05,16.39,8.36,11.71,3.34,2.34,12.71,0.67,59.21
Torelló,8285,2946,1181,1959,671,497,145,442,129,80,8120,36.28,14.54,24.13,8.26,6.12,1.79,5.44,1.59,0.99,79.15
Susqueda,17194,20,2,21,5,3,1,8,1,1,62,32.26,3.23,33.87,8.06,4.84,1.61,12.9,1.61,1.61,79.49
Taradell,8278,1703,300,1268,257,121,54,209,44,37,4018,42.38,7.47,31.56,6.4,3.01,1.34,5.2,1.1,0.92,82.44
Tiana,8282,1942,897,899,764,503,227,205,130,72,5677,34.21,15.8,15.84,13.46,8.86,4,3.61,2.29,1.27,84.88
Térmens,25220,220,64,390,31,24,36,21,22,5,816,26.96,7.84,47.79,3.8,2.94,4.41,2.57,2.7,0.61,82.7
Tarragona,43148,14227,16657,5898,9377,11131,4755,1186,4388,1163,69420,20.49,23.99,8.5,13.51,16.03,6.85,1.71,6.32,1.68,76.85
Tavertet,8280,28,2,31,10,5,1,0,0,0,78,35.9,2.56,39.74,12.82,6.41,1.28,0,0,0,82.11
Tàrrega,25217,2879,1233,1880,686,581,253,303,150,73,8120,35.46,15.18,23.15,8.45,7.16,3.12,3.73,1.85,0.9,75.44
Tarrés,25218,40,2,31,1,2,0,3,0,0,79,50.63,2.53,39.24,1.27,2.53,0,3.8,0,0,91.86
Vilamacolum,17225,80,11,40,2,11,7,5,3,1,161,49.69,6.83,24.84,1.24,6.83,4.35,3.11,1.86,0.62,77.78
Terrassa,8279,25143,30917,10516,21795,15662,5127,2708,5018,2282,120525,20.86,25.65,8.73,18.08,12.99,4.25,2.25,4.16,1.89,77.98
Vallbona d'Anoia,8292,289,165,121,88,66,27,36,15,20,831,34.78,19.86,14.56,10.59,7.94,3.25,4.33,1.81,2.41,78.63
Torà,25223,304,60,222,50,18,13,33,9,7,723,42.05,8.3,30.71,6.92,2.49,1.8,4.56,1.24,0.97,80.35
Tornabous,25225,183,33,139,10,12,19,11,6,3,420,43.57,7.86,33.1,2.38,2.86,4.52,2.62,1.43,0.71,78.93
Torrent,17197,37,14,33,9,12,0,3,0,3,113,32.74,12.39,29.2,7.96,10.62,0,2.65,0,2.65,86.26
Tivissa,43150,383,104,243,108,49,53,46,23,6,1026,37.33,10.14,23.68,10.53,4.78,5.17,4.48,2.24,0.58,83.52
Tordera,8284,2230,1898,1219,1447,993,314,172,370,168,8887,25.09,21.36,13.72,16.28,11.17,3.53,1.94,4.16,1.89,71.78
Torrelavit,8287,386,77,212,88,26,15,36,12,12,871,44.32,8.84,24.34,10.1,2.99,1.72,4.13,1.38,1.38,82.97
Torre-serona,25233,75,38,57,17,16,10,5,5,3,229,32.75,16.59,24.89,7.42,6.99,4.37,2.18,2.18,1.31,81.05
Torroella de Montgrí,17199,1818,727,1221,390,526,134,215,154,53,5308,34.25,13.7,23,7.35,9.91,2.52,4.05,2.9,1,76.61
Torrefeta i Florejacs,25907,173,27,94,27,16,11,23,4,9,386,44.82,6.99,24.35,6.99,4.15,2.85,5.96,1.04,2.33,78.27
Ulldemolins,43157,138,35,86,13,3,14,13,1,0,303,45.54,11.55,28.38,4.29,0.99,4.62,4.29,0.33,0,87.83
Torrelles de Foix,8288,297,292,166,174,114,34,25,44,24,1182,25.13,24.7,14.04,14.72,9.64,2.88,2.12,3.72,2.03,71.36
Torres de Segre,25232,336,195,286,82,54,53,25,18,6,1061,31.67,18.38,26.96,7.73,5.09,5,2.36,1.7,0.57,78.61
Tossa de Mar,17202,862,536,541,285,315,115,81,53,39,2851,30.24,18.8,18.98,10,11.05,4.03,2.84,1.86,1.37,75.43
Ullà,17204,143,79,111,30,40,18,9,22,4,460,31.09,17.17,24.13,6.52,8.7,3.91,1.96,4.78,0.87,77.35
Vacarisses,8291,1024,801,321,692,464,131,73,197,104,3854,26.57,20.78,8.33,17.96,12.04,3.4,1.89,5.11,2.7,78.57
Vallbona de les Monges,25238,56,7,60,12,8,2,12,3,0,163,34.36,4.29,36.81,7.36,4.91,1.23,7.36,1.84,0,79.51
Vall de Cardós,25901,90,20,48,15,13,5,6,3,5,207,43.48,9.66,23.19,7.25,6.28,2.42,2.9,1.45,2.42,72.82
Tortosa,43155,5237,3400,2733,2026,1344,740,301,519,167,16624,31.5,20.45,16.44,12.19,8.08,4.45,1.81,3.12,1,73.94
Ulldecona,43156,869,636,381,326,264,203,80,149,22,2965,29.31,21.45,12.85,10.99,8.9,6.85,2.7,5.03,0.74,75.66
Tremp,25234,926,626,736,267,212,118,81,61,26,3072,30.14,20.38,23.96,8.69,6.9,3.84,2.64,1.99,0.85,73.48
Vallmoll,43160,303,241,118,115,124,40,24,56,16,1045,29,23.06,11.29,11,11.87,3.83,2.3,5.36,1.53,79.5
Vilagrassa,25244,122,56,57,14,20,8,10,3,1,294,41.5,19.05,19.39,4.76,6.8,2.72,3.4,1.02,0.34,81.77
Vall-llobrega,17209,171,79,106,43,67,7,17,19,4,517,33.08,15.28,20.5,8.32,12.96,1.35,3.29,3.68,0.77,84.39
Vilafranca del Penedès,8305,6789,4423,3443,2567,1755,757,807,518,300,21539,31.52,20.53,15.98,11.92,8.15,3.51,3.75,2.4,1.39,78.65
Valls,43161,3982,2404,2429,1341,1247,436,407,345,179,12881,30.91,18.66,18.86,10.41,9.68,3.38,3.16,2.68,1.39,75.64
Vandellòs i l'Hospitalet de l'Infant,43162,800,768,456,394,515,221,46,175,46,3453,23.17,22.24,13.21,11.41,14.91,6.4,1.33,5.07,1.33,78.44
Vilabertran,17214,227,56,145,40,45,18,23,10,9,580,39.14,9.66,25,6.9,7.76,3.1,3.97,1.72,1.55,80.77
Vilamaniscle,17227,51,8,23,8,7,0,8,0,1,106,48.11,7.55,21.7,7.55,6.6,0,7.55,0,0.94,76.26
Veciana,8297,31,9,44,8,6,2,4,3,2,111,27.93,8.11,39.64,7.21,5.41,1.8,3.6,2.7,1.8,82.22
Verges,17211,261,45,235,29,31,10,63,9,6,691,37.77,6.51,34.01,4.2,4.49,1.45,9.12,1.3,0.87,83.51
Vilanant,17228,87,24,62,14,16,6,8,8,2,229,37.99,10.48,27.07,6.11,6.99,2.62,3.49,3.49,0.87,80.35
Viladrau,17220,265,34,247,24,24,13,42,6,5,665,39.85,5.11,37.14,3.61,3.61,1.95,6.32,0.9,0.75,83.6
Vespella de Gaià,43164,41,69,20,33,24,20,1,17,3,228,17.98,30.26,8.77,14.47,10.53,8.77,0.44,7.46,1.32,74.51
Viladecavalls,8300,1287,944,480,846,639,185,135,215,106,4880,26.37,19.34,9.84,17.34,13.09,3.79,2.77,4.41,2.17,83.37
Vic,8298,6956,2909,5737,1598,1207,518,1196,333,215,20817,33.41,13.97,27.56,7.68,5.8,2.49,5.75,1.6,1.03,77.46
Vilamòs,25247,8,25,6,18,21,10,1,9,0,100,8,25,6,18,21,10,1,9,0,68.03
Vilallonga del Camp,43166,402,261,158,145,135,62,32,60,19,1285,31.28,20.31,12.3,11.28,10.51,4.82,2.49,4.67,1.48,79.36
Vidrà,17212,51,7,42,3,0,2,8,0,1,117,43.59,5.98,35.9,2.56,0,1.71,6.84,0,0.85,82.39
Vilalba dels Arcs,43175,146,44,97,27,30,39,17,9,3,419,34.84,10.5,23.15,6.44,7.16,9.31,4.06,2.15,0.72,79.33
Vielha e Mijaran,25243,378,719,240,327,449,221,24,182,38,2606,14.5,27.59,9.21,12.55,17.23,8.48,0.92,6.98,1.46,70.7
Vilademuls,17218,134,28,182,44,15,10,31,2,10,465,28.82,6.02,39.14,9.46,3.23,2.15,6.67,0.43,2.15,82.11
Vilanova de l'Aguda,25249,58,15,33,8,9,7,4,3,0,138,42.03,10.87,23.91,5.8,6.52,5.07,2.9,2.17,0,78.98
Vilaplana,43169,214,35,62,38,14,3,21,2,3,396,54.04,8.84,15.66,9.6,3.54,0.76,5.3,0.51,0.76,88
Vila-seca,43171,1379,3012,645,1550,2427,570,102,922,222,10956,12.59,27.49,5.89,14.15,22.15,5.2,0.93,8.42,2.03,74.81
Vilaller,25245,111,92,40,50,18,13,7,9,1,342,32.46,26.9,11.7,14.62,5.26,3.8,2.05,2.63,0.29,80.47
Vilanova de Bellpuig,25248,315,65,240,20,10,23,26,6,2,713,44.18,9.12,33.66,2.81,1.4,3.23,3.65,0.84,0.28,81.14
Vilanova de la Barca,25254,200,85,134,55,27,41,11,11,2,571,35.03,14.89,23.47,9.63,4.73,7.18,1.93,1.93,0.35,81.01
Vilanova del Camí,8302,1088,2234,280,1306,1160,296,83,278,128,6934,15.69,32.22,4.04,18.83,16.73,4.27,1.2,4.01,1.85,74.69
Vila-sacra,17230,121,62,88,31,46,15,8,17,5,393,30.79,15.78,22.39,7.89,11.7,3.82,2.04,4.33,1.27,79.56
Vilanova de Prades,43168,32,9,18,0,1,0,3,0,1,65,49.23,13.85,27.69,0,1.54,0,4.62,0,1.54,77.38
Vilanova i la Geltrú,8307,9603,9295,3814,6370,4326,1311,1297,1104,583,38022,25.26,24.45,10.03,16.75,11.38,3.45,3.41,2.9,1.53,77.5
Vila-sana,25252,154,40,137,26,29,14,8,8,2,422,36.49,9.48,32.46,6.16,6.87,3.32,1.9,1.9,0.47,76.12
Vilanova de Sau,8303,101,18,50,18,7,1,11,3,3,213,47.42,8.45,23.47,8.45,3.29,0.47,5.16,1.41,1.41,83.98
Es Bòrdes,25057,40,30,11,22,26,13,7,8,2,161,24.84,18.63,6.83,13.66,16.15,8.07,4.35,4.97,1.24,75.7
Vimbodí i Poblet,43176,262,65,147,44,18,14,9,14,4,586,44.71,11.09,25.09,7.51,3.07,2.39,1.54,2.39,0.68,78.82
Vilanova de Segrià,25251,215,71,130,32,37,30,14,19,5,558,38.53,12.72,23.3,5.73,6.63,5.38,2.51,3.41,0.9,78.82
Vinyols i els Arcs,43178,369,195,186,124,123,53,15,26,11,1113,33.15,17.52,16.71,11.14,11.05,4.76,1.35,2.34,0.99,78.68
Vilassar de Dalt,8214,2021,881,981,596,468,216,221,136,75,5633,35.88,15.64,17.42,10.58,8.31,3.83,3.92,2.41,1.33,81.08
Vilaverd,43172,101,49,43,25,17,5,7,6,1,257,39.3,19.07,16.73,9.73,6.61,1.95,2.72,2.33,0.39,77.45
Vinaixa,25255,101,39,88,28,26,11,8,13,1,318,31.76,12.26,27.67,8.81,8.18,3.46,2.52,4.09,0.31,81.27
Vinebre,43177,109,33,51,7,17,4,7,9,3,242,45.04,13.64,21.07,2.89,7.02,1.65,2.89,3.72,1.24,85.56
Vilalba Sasserra,8306,144,43,50,56,37,15,13,14,10,388,37.11,11.08,12.89,14.43,9.54,3.87,3.35,3.61,2.58,74
Viver i Serrateix,8308,36,7,64,3,0,1,6,0,0,118,30.51,5.93,54.24,2.54,0,0.85,5.08,0,0,86.13
Xerta,43052,341,128,115,62,52,13,16,19,7,756,45.11,16.93,15.21,8.2,6.88,1.72,2.12,2.51,0.93,81.91
La Torre de Cabdella,25227,214,53,162,36,15,6,27,3,0,517,41.39,10.25,31.33,6.96,2.9,1.16,5.22,0.58,0,77.86
Granyena de les Garrigues,25105,36,2,31,7,7,1,0,3,0,88,40.91,2.27,35.23,7.95,7.95,1.14,0,3.41,0,86.41
Oristà,8151,137,24,163,9,12,11,18,0,1,377,36.34,6.37,43.24,2.39,3.18,2.92,4.77,0,0.27,84.38
Santa Maria de Corcó,8254,712,78,446,76,22,11,107,4,20,1482,48.04,5.26,30.09,5.13,1.48,0.74,7.22,0.27,1.35,84.71
Sant Fruitós de Bages,8213,1725,902,1014,593,455,172,151,134,59,5245,32.89,17.2,19.33,11.31,8.67,3.28,2.88,2.55,1.12,80.48
La Tallada d'Empordà,17195,129,38,90,16,3,3,11,2,0,295,43.73,12.88,30.51,5.42,1.02,1.02,3.73,0.68,0,86.55
Vilobí d'Onyar,17233,614,190,638,174,120,36,77,35,20,1912,32.11,9.94,33.37,9.1,6.28,1.88,4.03,1.83,1.05,82.65